SYSTEM,2,VAL,sidechain,SYSTEM,26,ALA,sidechain,0.020329485963170173
SYSTEM,2,VAL,sidechain,SYSTEM,27,ASP,sidechain,0.2290976256967094
SYSTEM,2,VAL,sidechain,SYSTEM,133,LYS,sidechain,0.004548562186755979
SYSTEM,3,ASN,sidechain,SYSTEM,23,GLU,sidechain,8.726532801545321
SYSTEM,3,ASN,sidechain,SYSTEM,25,PHE,sidechain,2.9476434639573372
SYSTEM,3,ASN,sidechain,SYSTEM,26,ALA,sidechain,0.07182981204485099
SYSTEM,3,ASN,sidechain,SYSTEM,27,ASP,sidechain,0.6617406071021403
SYSTEM,4,PRO,sidechain,SYSTEM,24,LEU,sidechain,3.4530600041112645
SYSTEM,4,PRO,sidechain,SYSTEM,26,ALA,sidechain,2.500427907661771
SYSTEM,4,PRO,sidechain,SYSTEM,37,ARG,sidechain,0.9445038122831427
SYSTEM,4,PRO,sidechain,SYSTEM,163,GLN,sidechain,0.7761255358491586
SYSTEM,4,PRO,sidechain,SYSTEM,164,LEU,sidechain,0.006561634212087903
SYSTEM,5,THR,sidechain,SYSTEM,21,SER,sidechain,0.7124270696004384
SYSTEM,5,THR,sidechain,SYSTEM,23,GLU,sidechain,0.26643421018363056
SYSTEM,5,THR,sidechain,SYSTEM,133,LYS,sidechain,5.0360196178455485
SYSTEM,5,THR,sidechain,SYSTEM,164,LEU,sidechain,4.479255295395198
SYSTEM,6,VAL,sidechain,SYSTEM,22,PHE,sidechain,0.38239340775069053
SYSTEM,6,VAL,sidechain,SYSTEM,24,LEU,sidechain,3.336560655121357
SYSTEM,6,VAL,sidechain,SYSTEM,36,PHE,sidechain,1.3933787186532023
SYSTEM,6,VAL,sidechain,SYSTEM,40,SER,sidechain,4.492991223519494
SYSTEM,6,VAL,sidechain,SYSTEM,163,GLN,sidechain,0.5266548398301868
SYSTEM,7,PHE,sidechain,SYSTEM,19,ARG,sidechain,20.019886543717842
SYSTEM,7,PHE,sidechain,SYSTEM,21,SER,sidechain,0.40520920742565253
SYSTEM,7,PHE,sidechain,SYSTEM,160,ASP,sidechain,0.22786250573105205
SYSTEM,7,PHE,sidechain,SYSTEM,164,LEU,sidechain,4.3119696456359335
SYSTEM,8,PHE,sidechain,SYSTEM,20,VAL,sidechain,0.07595485496417824
SYSTEM,8,PHE,sidechain,SYSTEM,22,PHE,sidechain,7.160483946018372
SYSTEM,8,PHE,sidechain,SYSTEM,36,PHE,sidechain,5.905686221028288
SYSTEM,8,PHE,sidechain,SYSTEM,40,SER,sidechain,2.1606758063706644
SYSTEM,8,PHE,sidechain,SYSTEM,48,TYR,sidechain,3.517115272408817
SYSTEM,8,PHE,sidechain,SYSTEM,53,PHE,sidechain,0.1049233592568477
SYSTEM,8,PHE,sidechain,SYSTEM,112,PHE,sidechain,4.374661693096717
SYSTEM,8,PHE,sidechain,SYSTEM,158,ILE,sidechain,12.00209341338918
SYSTEM,8,PHE,sidechain,SYSTEM,161,CYS,sidechain,2.2963650831689635
SYSTEM,9,ASP,sidechain,SYSTEM,19,ARG,sidechain,14.768282755672804
SYSTEM,9,ASP,sidechain,SYSTEM,159,ALA,sidechain,0.026236507877771452
SYSTEM,9,ASP,sidechain,SYSTEM,160,ASP,sidechain,2.815521499978218
SYSTEM,10,ILE,sidechain,SYSTEM,17,LEU,sidechain,2.780334880903003
SYSTEM,10,ILE,sidechain,SYSTEM,20,VAL,sidechain,1.5269722376415342
SYSTEM,10,ILE,sidechain,SYSTEM,53,PHE,sidechain,0.40023706866727105
SYSTEM,10,ILE,sidechain,SYSTEM,138,ILE,sidechain,0.5454827870539349
SYSTEM,10,ILE,sidechain,SYSTEM,142,MET,sidechain,2.940297852156892
SYSTEM,10,ILE,sidechain,SYSTEM,156,ILE,sidechain,0.004410912024694897
SYSTEM,10,ILE,sidechain,SYSTEM,158,ILE,sidechain,0.17496617697956435
SYSTEM,11,ALA,sidechain,SYSTEM,16,PRO,sidechain,0.11391045733186585
SYSTEM,11,ALA,sidechain,SYSTEM,157,THR,sidechain,0.013409677352944299
SYSTEM,12,VAL,sidechain,SYSTEM,15,GLU,sidechain,0.034194498209549465
SYSTEM,12,VAL,sidechain,SYSTEM,17,LEU,sidechain,2.6594263562452505
SYSTEM,12,VAL,sidechain,SYSTEM,145,PHE,sidechain,5.462201725096347
SYSTEM,12,VAL,sidechain,SYSTEM,154,LYS,sidechain,2.579034759890621
SYSTEM,12,VAL,sidechain,SYSTEM,156,ILE,sidechain,3.917949872059164
SYSTEM,13,ASP,sidechain,SYSTEM,154,LYS,sidechain,7.280443812942551
SYSTEM,13,ASP,sidechain,SYSTEM,155,LYS,sidechain,2.91853116614449
SYSTEM,13,ASP,sidechain,SYSTEM,157,THR,sidechain,0.0043313709622917
SYSTEM,15,GLU,sidechain,SYSTEM,12,VAL,sidechain,0.034194498209549465
SYSTEM,15,GLU,sidechain,SYSTEM,144,ARG,sidechain,0.013942110698968415
SYSTEM,15,GLU,sidechain,SYSTEM,154,LYS,sidechain,0.008091706953392487
SYSTEM,16,PRO,sidechain,SYSTEM,11,ALA,sidechain,0.11391045733186585
SYSTEM,17,LEU,sidechain,SYSTEM,10,ILE,sidechain,2.780334880903003
SYSTEM,17,LEU,sidechain,SYSTEM,12,VAL,sidechain,2.6594263562452505
SYSTEM,17,LEU,sidechain,SYSTEM,138,ILE,sidechain,1.4115546318430678
SYSTEM,17,LEU,sidechain,SYSTEM,141,ALA,sidechain,1.846280148420705
SYSTEM,17,LEU,sidechain,SYSTEM,142,MET,sidechain,0.018359198425662707
SYSTEM,17,LEU,sidechain,SYSTEM,144,ARG,sidechain,0.0036407173047347135
SYSTEM,17,LEU,sidechain,SYSTEM,145,PHE,sidechain,0.8991381399901103
SYSTEM,17,LEU,sidechain,SYSTEM,156,ILE,sidechain,0.004277438278312313
SYSTEM,19,ARG,sidechain,SYSTEM,7,PHE,sidechain,20.019886543717842
SYSTEM,19,ARG,sidechain,SYSTEM,9,ASP,sidechain,14.768282755672804
SYSTEM,19,ARG,sidechain,SYSTEM,134,GLU,sidechain,0.0034855276747421038
SYSTEM,19,ARG,sidechain,SYSTEM,160,ASP,sidechain,0.010709414616151477
SYSTEM,19,ARG,sidechain,SYSTEM,164,LEU,sidechain,0.0376207454822587
SYSTEM,20,VAL,sidechain,SYSTEM,8,PHE,sidechain,0.07595485496417824
SYSTEM,20,VAL,sidechain,SYSTEM,10,ILE,sidechain,1.5269722376415342
SYSTEM,20,VAL,sidechain,SYSTEM,132,VAL,sidechain,2.742285958009608
SYSTEM,20,VAL,sidechain,SYSTEM,138,ILE,sidechain,3.181320048875306
SYSTEM,20,VAL,sidechain,SYSTEM,139,VAL,sidechain,2.6990372892793135
SYSTEM,20,VAL,sidechain,SYSTEM,142,MET,sidechain,0.003040086372100276
SYSTEM,21,SER,sidechain,SYSTEM,5,THR,sidechain,0.7124270696004384
SYSTEM,21,SER,sidechain,SYSTEM,7,PHE,sidechain,0.40520920742565253
SYSTEM,21,SER,sidechain,SYSTEM,133,LYS,sidechain,1.317266151028146
SYSTEM,21,SER,sidechain,SYSTEM,134,GLU,sidechain,0.6849782107823896
SYSTEM,21,SER,sidechain,SYSTEM,164,LEU,sidechain,0.1304956554378372
SYSTEM,22,PHE,sidechain,SYSTEM,6,VAL,sidechain,0.38239340775069053
SYSTEM,22,PHE,sidechain,SYSTEM,8,PHE,sidechain,7.160483946018372
SYSTEM,22,PHE,sidechain,SYSTEM,36,PHE,sidechain,2.141293046058109
SYSTEM,22,PHE,sidechain,SYSTEM,98,LEU,sidechain,8.588655115277648
SYSTEM,22,PHE,sidechain,SYSTEM,114,ILE,sidechain,3.5908416630900977
SYSTEM,22,PHE,sidechain,SYSTEM,132,VAL,sidechain,2.1686420658737844
SYSTEM,23,GLU,sidechain,SYSTEM,3,ASN,sidechain,8.726532801545321
SYSTEM,23,GLU,sidechain,SYSTEM,5,THR,sidechain,0.26643421018363056
SYSTEM,23,GLU,sidechain,SYSTEM,131,LYS,sidechain,4.480108416528313
SYSTEM,23,GLU,sidechain,SYSTEM,133,LYS,sidechain,11.74511264284922
SYSTEM,24,LEU,sidechain,SYSTEM,4,PRO,sidechain,3.4530600041112645
SYSTEM,24,LEU,sidechain,SYSTEM,6,VAL,sidechain,3.336560655121357
SYSTEM,24,LEU,sidechain,SYSTEM,33,ALA,sidechain,1.7014738622700558
SYSTEM,24,LEU,sidechain,SYSTEM,36,PHE,sidechain,4.666028101301864
SYSTEM,24,LEU,sidechain,SYSTEM,37,ARG,sidechain,0.0036407173047347135
SYSTEM,24,LEU,sidechain,SYSTEM,129,PHE,sidechain,0.3832591530404384
SYSTEM,25,PHE,sidechain,SYSTEM,3,ASN,sidechain,2.9476434639573372
SYSTEM,25,PHE,sidechain,SYSTEM,28,LYS,sidechain,1.4056736446539124
SYSTEM,25,PHE,sidechain,SYSTEM,90,LEU,sidechain,5.178257001079722
SYSTEM,25,PHE,sidechain,SYSTEM,131,LYS,sidechain,3.2972591664721307
SYSTEM,26,ALA,sidechain,SYSTEM,2,VAL,sidechain,0.020329485963170173
SYSTEM,26,ALA,sidechain,SYSTEM,3,ASN,sidechain,0.07182981204485099
SYSTEM,26,ALA,sidechain,SYSTEM,4,PRO,sidechain,2.500427907661771
SYSTEM,27,ASP,sidechain,SYSTEM,2,VAL,sidechain,0.2290976256967094
SYSTEM,27,ASP,sidechain,SYSTEM,3,ASN,sidechain,0.6617406071021403
SYSTEM,28,LYS,sidechain,SYSTEM,25,PHE,sidechain,1.4056736446539124
SYSTEM,28,LYS,sidechain,SYSTEM,86,GLU,sidechain,0.012137560430088729
SYSTEM,28,LYS,sidechain,SYSTEM,87,ASN,sidechain,0.012577581445078182
SYSTEM,28,LYS,sidechain,SYSTEM,89,ILE,sidechain,1.2550635165283113
SYSTEM,28,LYS,sidechain,SYSTEM,90,LEU,sidechain,2.7159035827650144
SYSTEM,29,VAL,sidechain,SYSTEM,32,THR,sidechain,2.9003022485633716
SYSTEM,29,VAL,sidechain,SYSTEM,86,GLU,sidechain,2.796824999389401
SYSTEM,29,VAL,sidechain,SYSTEM,87,ASN,sidechain,1.6786926583214965
SYSTEM,29,VAL,sidechain,SYSTEM,89,ILE,sidechain,0.34836452054736483
SYSTEM,29,VAL,sidechain,SYSTEM,90,LEU,sidechain,0.05208725375969959
SYSTEM,29,VAL,sidechain,SYSTEM,127,VAL,sidechain,1.1084473615319066
SYSTEM,29,VAL,sidechain,SYSTEM,129,PHE,sidechain,1.504691868169679
SYSTEM,30,PRO,sidechain,SYSTEM,86,GLU,sidechain,2.449955525832597
SYSTEM,30,PRO,sidechain,SYSTEM,87,ASN,sidechain,0.540303049947629
SYSTEM,31,LYS,sidechain,SYSTEM,79,TYR,sidechain,6.628845362282655
SYSTEM,31,LYS,sidechain,SYSTEM,81,GLU,sidechain,2.0755228335451736
SYSTEM,31,LYS,sidechain,SYSTEM,82,LYS,sidechain,0.010046038180088654
SYSTEM,31,LYS,sidechain,SYSTEM,83,PHE,sidechain,3.599714518584618
SYSTEM,31,LYS,sidechain,SYSTEM,84,GLU,sidechain,1.8556981279780105
SYSTEM,31,LYS,sidechain,SYSTEM,86,GLU,sidechain,5.951450464220172
SYSTEM,31,LYS,sidechain,SYSTEM,87,ASN,sidechain,0.06428541627484403
SYSTEM,32,THR,sidechain,SYSTEM,29,VAL,sidechain,2.9003022485633716
SYSTEM,32,THR,sidechain,SYSTEM,83,PHE,sidechain,2.1806946156407694
SYSTEM,32,THR,sidechain,SYSTEM,85,ASP,sidechain,0.018769274169930697
SYSTEM,32,THR,sidechain,SYSTEM,86,GLU,sidechain,2.9350054264672956
SYSTEM,32,THR,sidechain,SYSTEM,87,ASN,sidechain,0.09057025821987653
SYSTEM,32,THR,sidechain,SYSTEM,100,MET,sidechain,4.375048161518858
SYSTEM,32,THR,sidechain,SYSTEM,108,ASN,sidechain,0.004382431849348865
SYSTEM,32,THR,sidechain,SYSTEM,127,VAL,sidechain,1.732257026054533
SYSTEM,32,THR,sidechain,SYSTEM,129,PHE,sidechain,8.988400801366604
SYSTEM,33,ALA,sidechain,SYSTEM,24,LEU,sidechain,1.7014738622700558
SYSTEM,33,ALA,sidechain,SYSTEM,129,PHE,sidechain,0.04293637852612025
SYSTEM,34,GLU,sidechain,SYSTEM,37,ARG,sidechain,12.66989309768751
SYSTEM,34,GLU,sidechain,SYSTEM,38,ALA,sidechain,0.1461682002354062
SYSTEM,34,GLU,sidechain,SYSTEM,43,GLU,sidechain,0.0038019137637551213
SYSTEM,34,GLU,sidechain,SYSTEM,44,LYS,sidechain,0.014834796081219558
SYSTEM,34,GLU,sidechain,SYSTEM,78,ILE,sidechain,0.038221005271566445
SYSTEM,34,GLU,sidechain,SYSTEM,79,TYR,sidechain,1.2770017320232294
SYSTEM,35,ASN,sidechain,SYSTEM,39,LEU,sidechain,2.921761528496323
SYSTEM,35,ASN,sidechain,SYSTEM,48,TYR,sidechain,0.003485417039304275
SYSTEM,35,ASN,sidechain,SYSTEM,77,SER,sidechain,6.023717756323425
SYSTEM,35,ASN,sidechain,SYSTEM,78,ILE,sidechain,6.5775288267490035
SYSTEM,35,ASN,sidechain,SYSTEM,79,TYR,sidechain,2.5292509648551325
SYSTEM,35,ASN,sidechain,SYSTEM,83,PHE,sidechain,4.295930830558634
SYSTEM,35,ASN,sidechain,SYSTEM,100,MET,sidechain,0.1919456352507829
SYSTEM,35,ASN,sidechain,SYSTEM,108,ASN,sidechain,0.0040825708278374616
SYSTEM,35,ASN,sidechain,SYSTEM,110,SER,sidechain,0.23065124808056753
SYSTEM,36,PHE,sidechain,SYSTEM,6,VAL,sidechain,1.3933787186532023
SYSTEM,36,PHE,sidechain,SYSTEM,8,PHE,sidechain,5.905686221028288
SYSTEM,36,PHE,sidechain,SYSTEM,22,PHE,sidechain,2.141293046058109
SYSTEM,36,PHE,sidechain,SYSTEM,24,LEU,sidechain,4.666028101301864
SYSTEM,36,PHE,sidechain,SYSTEM,40,SER,sidechain,2.390338353901813
SYSTEM,36,PHE,sidechain,SYSTEM,48,TYR,sidechain,8.416138420674738
SYSTEM,36,PHE,sidechain,SYSTEM,98,LEU,sidechain,6.8317464899113345
SYSTEM,36,PHE,sidechain,SYSTEM,100,MET,sidechain,0.0372817034251865
SYSTEM,36,PHE,sidechain,SYSTEM,112,PHE,sidechain,7.235429202630407
SYSTEM,36,PHE,sidechain,SYSTEM,129,PHE,sidechain,9.528754054958672
SYSTEM,37,ARG,sidechain,SYSTEM,4,PRO,sidechain,0.9445038122831427
SYSTEM,37,ARG,sidechain,SYSTEM,24,LEU,sidechain,0.0036407173047347135
SYSTEM,37,ARG,sidechain,SYSTEM,34,GLU,sidechain,12.66989309768751
SYSTEM,37,ARG,sidechain,SYSTEM,41,THR,sidechain,2.0458574585384057
SYSTEM,37,ARG,sidechain,SYSTEM,43,GLU,sidechain,10.834181855656682
SYSTEM,37,ARG,sidechain,SYSTEM,163,GLN,sidechain,10.277998372589819
SYSTEM,38,ALA,sidechain,SYSTEM,34,GLU,sidechain,0.1461682002354062
SYSTEM,38,ALA,sidechain,SYSTEM,43,GLU,sidechain,3.0002153264813747
SYSTEM,38,ALA,sidechain,SYSTEM,44,LYS,sidechain,1.1625912780010286
SYSTEM,38,ALA,sidechain,SYSTEM,78,ILE,sidechain,1.9655693684265545
SYSTEM,39,LEU,sidechain,SYSTEM,35,ASN,sidechain,2.921761528496323
SYSTEM,39,LEU,sidechain,SYSTEM,46,PHE,sidechain,1.0828591943047337
SYSTEM,39,LEU,sidechain,SYSTEM,48,TYR,sidechain,11.392256295079676
SYSTEM,39,LEU,sidechain,SYSTEM,67,PHE,sidechain,1.951579941196398
SYSTEM,39,LEU,sidechain,SYSTEM,77,SER,sidechain,0.0059998002500155
SYSTEM,39,LEU,sidechain,SYSTEM,78,ILE,sidechain,1.4115546318430632
SYSTEM,39,LEU,sidechain,SYSTEM,110,SER,sidechain,1.090463695440308
SYSTEM,40,SER,sidechain,SYSTEM,6,VAL,sidechain,4.492991223519494
SYSTEM,40,SER,sidechain,SYSTEM,8,PHE,sidechain,2.1606758063706644
SYSTEM,40,SER,sidechain,SYSTEM,36,PHE,sidechain,2.390338353901813
SYSTEM,40,SER,sidechain,SYSTEM,48,TYR,sidechain,0.777493120575561
SYSTEM,40,SER,sidechain,SYSTEM,161,CYS,sidechain,1.0405460313523034
SYSTEM,41,THR,sidechain,SYSTEM,37,ARG,sidechain,2.0458574585384057
SYSTEM,41,THR,sidechain,SYSTEM,163,GLN,sidechain,3.4267057787820367
SYSTEM,43,GLU,sidechain,SYSTEM,34,GLU,sidechain,0.0038019137637551213
SYSTEM,43,GLU,sidechain,SYSTEM,37,ARG,sidechain,10.834181855656682
SYSTEM,43,GLU,sidechain,SYSTEM,38,ALA,sidechain,3.0002153264813747
SYSTEM,44,LYS,sidechain,SYSTEM,34,GLU,sidechain,0.014834796081219558
SYSTEM,44,LYS,sidechain,SYSTEM,38,ALA,sidechain,1.1625912780010286
SYSTEM,44,LYS,sidechain,SYSTEM,78,ILE,sidechain,4.113819304176092
SYSTEM,44,LYS,sidechain,SYSTEM,79,TYR,sidechain,0.15390947655407897
SYSTEM,46,PHE,sidechain,SYSTEM,39,LEU,sidechain,1.0828591943047337
SYSTEM,46,PHE,sidechain,SYSTEM,49,LYS,sidechain,0.0644576979911847
SYSTEM,46,PHE,sidechain,SYSTEM,67,PHE,sidechain,3.0427774184485674
SYSTEM,46,PHE,sidechain,SYSTEM,76,LYS,sidechain,11.175973174779234
SYSTEM,46,PHE,sidechain,SYSTEM,78,ILE,sidechain,0.575889700684255
SYSTEM,48,TYR,sidechain,SYSTEM,8,PHE,sidechain,3.517115272408817
SYSTEM,48,TYR,sidechain,SYSTEM,35,ASN,sidechain,0.003485417039304275
SYSTEM,48,TYR,sidechain,SYSTEM,36,PHE,sidechain,8.416138420674738
SYSTEM,48,TYR,sidechain,SYSTEM,39,LEU,sidechain,11.392256295079676
SYSTEM,48,TYR,sidechain,SYSTEM,40,SER,sidechain,0.777493120575561
SYSTEM,48,TYR,sidechain,SYSTEM,51,SER,sidechain,0.46751220322190756
SYSTEM,48,TYR,sidechain,SYSTEM,67,PHE,sidechain,3.263610919343291
SYSTEM,48,TYR,sidechain,SYSTEM,110,SER,sidechain,2.7872874289914824
SYSTEM,48,TYR,sidechain,SYSTEM,112,PHE,sidechain,8.721168048753544
SYSTEM,48,TYR,sidechain,SYSTEM,158,ILE,sidechain,0.07245728880486095
SYSTEM,49,LYS,sidechain,SYSTEM,46,PHE,sidechain,0.0644576979911847
SYSTEM,49,LYS,sidechain,SYSTEM,160,ASP,sidechain,8.460011070816362
SYSTEM,49,LYS,sidechain,SYSTEM,161,CYS,sidechain,0.6477103146128842
SYSTEM,51,SER,sidechain,SYSTEM,48,TYR,sidechain,0.46751220322190756
SYSTEM,51,SER,sidechain,SYSTEM,67,PHE,sidechain,0.17818645929141075
SYSTEM,51,SER,sidechain,SYSTEM,70,HIS,sidechain,0.21874853856574505
SYSTEM,51,SER,sidechain,SYSTEM,158,ILE,sidechain,1.6627613040583618
SYSTEM,52,CYS,sidechain,SYSTEM,70,HIS,sidechain,1.3445794194456293
SYSTEM,52,CYS,sidechain,SYSTEM,155,LYS,sidechain,2.049736631530558
SYSTEM,52,CYS,sidechain,SYSTEM,157,THR,sidechain,3.0036662604080773
SYSTEM,53,PHE,sidechain,SYSTEM,8,PHE,sidechain,0.1049233592568477
SYSTEM,53,PHE,sidechain,SYSTEM,10,ILE,sidechain,0.40023706866727105
SYSTEM,53,PHE,sidechain,SYSTEM,56,ILE,sidechain,1.3638172214461552
SYSTEM,53,PHE,sidechain,SYSTEM,62,CYS,sidechain,0.13393137787619697
SYSTEM,53,PHE,sidechain,SYSTEM,112,PHE,sidechain,2.492465105611635
SYSTEM,53,PHE,sidechain,SYSTEM,114,ILE,sidechain,0.5194299261073673
SYSTEM,53,PHE,sidechain,SYSTEM,142,MET,sidechain,6.735561085483695
SYSTEM,53,PHE,sidechain,SYSTEM,156,ILE,sidechain,2.5469631642462853
SYSTEM,53,PHE,sidechain,SYSTEM,158,ILE,sidechain,3.509288655367922
SYSTEM,54,HIS,sidechain,SYSTEM,63,GLN,sidechain,6.35581410845762
SYSTEM,54,HIS,sidechain,SYSTEM,66,ASP,sidechain,0.6271528822941741
SYSTEM,54,HIS,sidechain,SYSTEM,70,HIS,sidechain,0.30183930240895207
SYSTEM,54,HIS,sidechain,SYSTEM,111,GLN,sidechain,0.4322842864283267
SYSTEM,54,HIS,sidechain,SYSTEM,151,LYS,sidechain,0.03532968701036566
SYSTEM,54,HIS,sidechain,SYSTEM,155,LYS,sidechain,0.003925520778929517
SYSTEM,55,ARG,sidechain,SYSTEM,60,PHE,sidechain,0.003203694438104965
SYSTEM,55,ARG,sidechain,SYSTEM,61,MET,sidechain,1.6498188817266608
SYSTEM,55,ARG,sidechain,SYSTEM,63,GLN,sidechain,6.496833988896073
SYSTEM,55,ARG,sidechain,SYSTEM,71,ASN,sidechain,0.02648717826876876
SYSTEM,55,ARG,sidechain,SYSTEM,73,THR,sidechain,0.052988095893919854
SYSTEM,55,ARG,sidechain,SYSTEM,113,PHE,sidechain,0.003203694438104965
SYSTEM,55,ARG,sidechain,SYSTEM,147,SER,sidechain,0.006582557410938636
SYSTEM,55,ARG,sidechain,SYSTEM,148,ARG,sidechain,0.003195470472584764
SYSTEM,55,ARG,sidechain,SYSTEM,149,ASN,sidechain,0.02046736502586677
SYSTEM,55,ARG,sidechain,SYSTEM,151,LYS,sidechain,0.12116613223850872
SYSTEM,55,ARG,sidechain,SYSTEM,152,THR,sidechain,0.04911091814558426
SYSTEM,56,ILE,sidechain,SYSTEM,53,PHE,sidechain,1.3638172214461552
SYSTEM,56,ILE,sidechain,SYSTEM,62,CYS,sidechain,6.176658245773972
SYSTEM,56,ILE,sidechain,SYSTEM,142,MET,sidechain,0.26068019590692854
SYSTEM,56,ILE,sidechain,SYSTEM,152,THR,sidechain,4.4094849273993795
SYSTEM,56,ILE,sidechain,SYSTEM,156,ILE,sidechain,0.20290195313596546
SYSTEM,57,ILE,sidechain,SYSTEM,60,PHE,sidechain,5.516747306990618
SYSTEM,57,ILE,sidechain,SYSTEM,61,MET,sidechain,1.2422357939028497
SYSTEM,57,ILE,sidechain,SYSTEM,63,GLN,sidechain,0.09049431090083888
SYSTEM,57,ILE,sidechain,SYSTEM,148,ARG,sidechain,0.5981887543664661
SYSTEM,58,PRO,sidechain,SYSTEM,143,GLU,sidechain,4.238737156552687
SYSTEM,58,PRO,sidechain,SYSTEM,148,ARG,sidechain,1.7925415339824888
SYSTEM,60,PHE,sidechain,SYSTEM,55,ARG,sidechain,0.003203694438104965
SYSTEM,60,PHE,sidechain,SYSTEM,57,ILE,sidechain,5.516747306990618
SYSTEM,60,PHE,sidechain,SYSTEM,113,PHE,sidechain,0.00428258609211623
SYSTEM,60,PHE,sidechain,SYSTEM,117,ALA,sidechain,0.005540177874338096
SYSTEM,60,PHE,sidechain,SYSTEM,119,THR,sidechain,1.7777260918949118
SYSTEM,60,PHE,sidechain,SYSTEM,121,TRP,sidechain,6.320529913496033
SYSTEM,60,PHE,sidechain,SYSTEM,122,LEU,sidechain,0.856553789652283
SYSTEM,60,PHE,sidechain,SYSTEM,148,ARG,sidechain,0.17406739780370312
SYSTEM,61,MET,sidechain,SYSTEM,55,ARG,sidechain,1.6498188817266608
SYSTEM,61,MET,sidechain,SYSTEM,57,ILE,sidechain,1.2422357939028497
SYSTEM,61,MET,sidechain,SYSTEM,113,PHE,sidechain,10.524624876930119
SYSTEM,61,MET,sidechain,SYSTEM,115,CYS,sidechain,0.14088304770302554
SYSTEM,61,MET,sidechain,SYSTEM,119,THR,sidechain,0.04211115452819847
SYSTEM,61,MET,sidechain,SYSTEM,121,TRP,sidechain,0.0034863207288998296
SYSTEM,61,MET,sidechain,SYSTEM,122,LEU,sidechain,0.016946952392919424
SYSTEM,61,MET,sidechain,SYSTEM,126,HIS,sidechain,0.01705384938521718
SYSTEM,62,CYS,sidechain,SYSTEM,53,PHE,sidechain,0.13393137787619697
SYSTEM,62,CYS,sidechain,SYSTEM,56,ILE,sidechain,6.176658245773972
SYSTEM,62,CYS,sidechain,SYSTEM,114,ILE,sidechain,1.0479719257652549
SYSTEM,62,CYS,sidechain,SYSTEM,116,THR,sidechain,0.07935487028621657
SYSTEM,62,CYS,sidechain,SYSTEM,139,VAL,sidechain,0.1228641087127318
SYSTEM,62,CYS,sidechain,SYSTEM,142,MET,sidechain,4.584366759163972
SYSTEM,62,CYS,sidechain,SYSTEM,143,GLU,sidechain,0.08196384280135248
SYSTEM,63,GLN,sidechain,SYSTEM,54,HIS,sidechain,6.35581410845762
SYSTEM,63,GLN,sidechain,SYSTEM,55,ARG,sidechain,6.496833988896073
SYSTEM,63,GLN,sidechain,SYSTEM,57,ILE,sidechain,0.09049431090083888
SYSTEM,63,GLN,sidechain,SYSTEM,101,ALA,sidechain,1.8632558173108813
SYSTEM,63,GLN,sidechain,SYSTEM,111,GLN,sidechain,2.5406533269700096
SYSTEM,63,GLN,sidechain,SYSTEM,113,PHE,sidechain,5.919179443312142
SYSTEM,66,ASP,sidechain,SYSTEM,54,HIS,sidechain,0.6271528822941741
SYSTEM,66,ASP,sidechain,SYSTEM,69,ARG,sidechain,3.7161668718045244
SYSTEM,66,ASP,sidechain,SYSTEM,70,HIS,sidechain,0.003778029411410686
SYSTEM,66,ASP,sidechain,SYSTEM,71,ASN,sidechain,0.170815156711325
SYSTEM,66,ASP,sidechain,SYSTEM,73,THR,sidechain,0.025988225773750196
SYSTEM,66,ASP,sidechain,SYSTEM,111,GLN,sidechain,1.770475768800011
SYSTEM,67,PHE,sidechain,SYSTEM,39,LEU,sidechain,1.951579941196398
SYSTEM,67,PHE,sidechain,SYSTEM,46,PHE,sidechain,3.0427774184485674
SYSTEM,67,PHE,sidechain,SYSTEM,48,TYR,sidechain,3.263610919343291
SYSTEM,67,PHE,sidechain,SYSTEM,51,SER,sidechain,0.17818645929141075
SYSTEM,67,PHE,sidechain,SYSTEM,70,HIS,sidechain,0.02034338387584932
SYSTEM,67,PHE,sidechain,SYSTEM,76,LYS,sidechain,0.892491202954862
SYSTEM,67,PHE,sidechain,SYSTEM,110,SER,sidechain,4.028333879684322
SYSTEM,68,THR,sidechain,SYSTEM,76,LYS,sidechain,0.6405660937801746
SYSTEM,69,ARG,sidechain,SYSTEM,66,ASP,sidechain,3.7161668718045244
SYSTEM,69,ARG,sidechain,SYSTEM,73,THR,sidechain,4.971834265948992
SYSTEM,69,ARG,sidechain,SYSTEM,81,GLU,sidechain,0.0069710553494842075
SYSTEM,70,HIS,sidechain,SYSTEM,51,SER,sidechain,0.21874853856574505
SYSTEM,70,HIS,sidechain,SYSTEM,52,CYS,sidechain,1.3445794194456293
SYSTEM,70,HIS,sidechain,SYSTEM,54,HIS,sidechain,0.30183930240895207
SYSTEM,70,HIS,sidechain,SYSTEM,66,ASP,sidechain,0.003778029411410686
SYSTEM,70,HIS,sidechain,SYSTEM,67,PHE,sidechain,0.02034338387584932
SYSTEM,70,HIS,sidechain,SYSTEM,155,LYS,sidechain,0.043180728568224684
SYSTEM,71,ASN,sidechain,SYSTEM,55,ARG,sidechain,0.02648717826876876
SYSTEM,71,ASN,sidechain,SYSTEM,66,ASP,sidechain,0.170815156711325
SYSTEM,71,ASN,sidechain,SYSTEM,151,LYS,sidechain,0.14114841399476624
SYSTEM,73,THR,sidechain,SYSTEM,55,ARG,sidechain,0.052988095893919854
SYSTEM,73,THR,sidechain,SYSTEM,66,ASP,sidechain,0.025988225773750196
SYSTEM,73,THR,sidechain,SYSTEM,69,ARG,sidechain,4.971834265948992
SYSTEM,76,LYS,sidechain,SYSTEM,46,PHE,sidechain,11.175973174779234
SYSTEM,76,LYS,sidechain,SYSTEM,67,PHE,sidechain,0.892491202954862
SYSTEM,76,LYS,sidechain,SYSTEM,68,THR,sidechain,0.6405660937801746
SYSTEM,76,LYS,sidechain,SYSTEM,81,GLU,sidechain,0.1510451964633264
SYSTEM,76,LYS,sidechain,SYSTEM,107,THR,sidechain,0.0060006191454817235
SYSTEM,76,LYS,sidechain,SYSTEM,108,ASN,sidechain,0.03493772623632828
SYSTEM,77,SER,sidechain,SYSTEM,35,ASN,sidechain,6.023717756323425
SYSTEM,77,SER,sidechain,SYSTEM,39,LEU,sidechain,0.0059998002500155
SYSTEM,77,SER,sidechain,SYSTEM,83,PHE,sidechain,3.293149747644961
SYSTEM,77,SER,sidechain,SYSTEM,107,THR,sidechain,0.15973701112117464
SYSTEM,77,SER,sidechain,SYSTEM,108,ASN,sidechain,0.8184399125439491
SYSTEM,77,SER,sidechain,SYSTEM,110,SER,sidechain,0.33357201577207934
SYSTEM,78,ILE,sidechain,SYSTEM,34,GLU,sidechain,0.038221005271566445
SYSTEM,78,ILE,sidechain,SYSTEM,35,ASN,sidechain,6.5775288267490035
SYSTEM,78,ILE,sidechain,SYSTEM,38,ALA,sidechain,1.9655693684265545
SYSTEM,78,ILE,sidechain,SYSTEM,39,LEU,sidechain,1.4115546318430632
SYSTEM,78,ILE,sidechain,SYSTEM,44,LYS,sidechain,4.113819304176092
SYSTEM,78,ILE,sidechain,SYSTEM,46,PHE,sidechain,0.575889700684255
SYSTEM,78,ILE,sidechain,SYSTEM,83,PHE,sidechain,0.07151571446405791
SYSTEM,79,TYR,sidechain,SYSTEM,31,LYS,sidechain,6.628845362282655
SYSTEM,79,TYR,sidechain,SYSTEM,34,GLU,sidechain,1.2770017320232294
SYSTEM,79,TYR,sidechain,SYSTEM,35,ASN,sidechain,2.5292509648551325
SYSTEM,79,TYR,sidechain,SYSTEM,44,LYS,sidechain,0.15390947655407897
SYSTEM,79,TYR,sidechain,SYSTEM,83,PHE,sidechain,6.056280825064959
SYSTEM,79,TYR,sidechain,SYSTEM,84,GLU,sidechain,0.2971075144742372
SYSTEM,79,TYR,sidechain,SYSTEM,108,ASN,sidechain,0.5681229774065962
SYSTEM,81,GLU,sidechain,SYSTEM,31,LYS,sidechain,2.0755228335451736
SYSTEM,81,GLU,sidechain,SYSTEM,69,ARG,sidechain,0.0069710553494842075
SYSTEM,81,GLU,sidechain,SYSTEM,76,LYS,sidechain,0.1510451964633264
SYSTEM,81,GLU,sidechain,SYSTEM,106,ASN,sidechain,0.03939743928462913
SYSTEM,81,GLU,sidechain,SYSTEM,108,ASN,sidechain,0.013132479761543045
SYSTEM,82,LYS,sidechain,SYSTEM,31,LYS,sidechain,0.010046038180088654
SYSTEM,82,LYS,sidechain,SYSTEM,85,ASP,sidechain,0.31215714318440807
SYSTEM,82,LYS,sidechain,SYSTEM,86,GLU,sidechain,0.02157788520904663
SYSTEM,82,LYS,sidechain,SYSTEM,103,ALA,sidechain,0.11706091488837975
SYSTEM,82,LYS,sidechain,SYSTEM,105,PRO,sidechain,0.09526126549956684
SYSTEM,82,LYS,sidechain,SYSTEM,106,ASN,sidechain,0.297669427533517
SYSTEM,82,LYS,sidechain,SYSTEM,107,THR,sidechain,1.279632032773981
SYSTEM,82,LYS,sidechain,SYSTEM,108,ASN,sidechain,0.7937851400893796
SYSTEM,83,PHE,sidechain,SYSTEM,31,LYS,sidechain,3.599714518584618
SYSTEM,83,PHE,sidechain,SYSTEM,32,THR,sidechain,2.1806946156407694
SYSTEM,83,PHE,sidechain,SYSTEM,35,ASN,sidechain,4.295930830558634
SYSTEM,83,PHE,sidechain,SYSTEM,77,SER,sidechain,3.293149747644961
SYSTEM,83,PHE,sidechain,SYSTEM,78,ILE,sidechain,0.07151571446405791
SYSTEM,83,PHE,sidechain,SYSTEM,79,TYR,sidechain,6.056280825064959
SYSTEM,83,PHE,sidechain,SYSTEM,86,GLU,sidechain,0.05824163568001801
SYSTEM,83,PHE,sidechain,SYSTEM,87,ASN,sidechain,0.5974952967481095
SYSTEM,83,PHE,sidechain,SYSTEM,88,PHE,sidechain,0.2451780537736541
SYSTEM,83,PHE,sidechain,SYSTEM,100,MET,sidechain,0.7729739843488668
SYSTEM,83,PHE,sidechain,SYSTEM,102,ASN,sidechain,0.01689885687772432
SYSTEM,83,PHE,sidechain,SYSTEM,103,ALA,sidechain,0.08171762364648691
SYSTEM,83,PHE,sidechain,SYSTEM,105,PRO,sidechain,0.008660987356587841
SYSTEM,83,PHE,sidechain,SYSTEM,107,THR,sidechain,0.33947830617818264
SYSTEM,83,PHE,sidechain,SYSTEM,108,ASN,sidechain,3.3109688868284124
SYSTEM,83,PHE,sidechain,SYSTEM,127,VAL,sidechain,0.8734808320880505
SYSTEM,84,GLU,sidechain,SYSTEM,31,LYS,sidechain,1.8556981279780105
SYSTEM,84,GLU,sidechain,SYSTEM,79,TYR,sidechain,0.2971075144742372
SYSTEM,84,GLU,sidechain,SYSTEM,87,ASN,sidechain,0.7262261308133304
SYSTEM,84,GLU,sidechain,SYSTEM,105,PRO,sidechain,0.004711452934293431
SYSTEM,84,GLU,sidechain,SYSTEM,106,ASN,sidechain,0.47408251939170387
SYSTEM,85,ASP,sidechain,SYSTEM,32,THR,sidechain,0.018769274169930697
SYSTEM,85,ASP,sidechain,SYSTEM,82,LYS,sidechain,0.31215714318440807
SYSTEM,85,ASP,sidechain,SYSTEM,88,PHE,sidechain,1.4029649567524425
SYSTEM,85,ASP,sidechain,SYSTEM,102,ASN,sidechain,0.7195756601618799
SYSTEM,85,ASP,sidechain,SYSTEM,105,PRO,sidechain,0.04021143331504732
SYSTEM,85,ASP,sidechain,SYSTEM,106,ASN,sidechain,0.587765539235031
SYSTEM,85,ASP,sidechain,SYSTEM,108,ASN,sidechain,3.497003208263362
SYSTEM,85,ASP,sidechain,SYSTEM,125,LYS,sidechain,0.005524905189104569
SYSTEM,85,ASP,sidechain,SYSTEM,127,VAL,sidechain,1.263684992696498
SYSTEM,86,GLU,sidechain,SYSTEM,28,LYS,sidechain,0.012137560430088729
SYSTEM,86,GLU,sidechain,SYSTEM,29,VAL,sidechain,2.796824999389401
SYSTEM,86,GLU,sidechain,SYSTEM,30,PRO,sidechain,2.449955525832597
SYSTEM,86,GLU,sidechain,SYSTEM,31,LYS,sidechain,5.951450464220172
SYSTEM,86,GLU,sidechain,SYSTEM,32,THR,sidechain,2.9350054264672956
SYSTEM,86,GLU,sidechain,SYSTEM,82,LYS,sidechain,0.02157788520904663
SYSTEM,86,GLU,sidechain,SYSTEM,83,PHE,sidechain,0.05824163568001801
SYSTEM,86,GLU,sidechain,SYSTEM,127,VAL,sidechain,0.22368900912080247
SYSTEM,87,ASN,sidechain,SYSTEM,28,LYS,sidechain,0.012577581445078182
SYSTEM,87,ASN,sidechain,SYSTEM,29,VAL,sidechain,1.6786926583214965
SYSTEM,87,ASN,sidechain,SYSTEM,30,PRO,sidechain,0.540303049947629
SYSTEM,87,ASN,sidechain,SYSTEM,31,LYS,sidechain,0.06428541627484403
SYSTEM,87,ASN,sidechain,SYSTEM,32,THR,sidechain,0.09057025821987653
SYSTEM,87,ASN,sidechain,SYSTEM,83,PHE,sidechain,0.5974952967481095
SYSTEM,87,ASN,sidechain,SYSTEM,84,GLU,sidechain,0.7262261308133304
SYSTEM,87,ASN,sidechain,SYSTEM,90,LEU,sidechain,0.0534970420710593
SYSTEM,87,ASN,sidechain,SYSTEM,127,VAL,sidechain,0.14616585151611963
SYSTEM,88,PHE,sidechain,SYSTEM,83,PHE,sidechain,0.2451780537736541
SYSTEM,88,PHE,sidechain,SYSTEM,85,ASP,sidechain,1.4029649567524425
SYSTEM,88,PHE,sidechain,SYSTEM,102,ASN,sidechain,0.037418897372103854
SYSTEM,88,PHE,sidechain,SYSTEM,105,PRO,sidechain,0.014434978927646402
SYSTEM,88,PHE,sidechain,SYSTEM,107,THR,sidechain,0.0038871561776127796
SYSTEM,88,PHE,sidechain,SYSTEM,127,VAL,sidechain,3.716549627385144
SYSTEM,89,ILE,sidechain,SYSTEM,28,LYS,sidechain,1.2550635165283113
SYSTEM,89,ILE,sidechain,SYSTEM,29,VAL,sidechain,0.34836452054736483
SYSTEM,90,LEU,sidechain,SYSTEM,25,PHE,sidechain,5.178257001079722
SYSTEM,90,LEU,sidechain,SYSTEM,28,LYS,sidechain,2.7159035827650144
SYSTEM,90,LEU,sidechain,SYSTEM,29,VAL,sidechain,0.05208725375969959
SYSTEM,90,LEU,sidechain,SYSTEM,87,ASN,sidechain,0.0534970420710593
SYSTEM,90,LEU,sidechain,SYSTEM,128,VAL,sidechain,2.1668297564035157
SYSTEM,91,LYS,sidechain,SYSTEM,120,GLU,sidechain,0.02966959216243912
SYSTEM,91,LYS,sidechain,SYSTEM,123,ASP,sidechain,12.581590341888385
SYSTEM,92,HIS,sidechain,SYSTEM,97,ILE,sidechain,1.527075507151558
SYSTEM,92,HIS,sidechain,SYSTEM,99,SER,sidechain,7.401224438606486
SYSTEM,92,HIS,sidechain,SYSTEM,113,PHE,sidechain,0.7877410311926129
SYSTEM,92,HIS,sidechain,SYSTEM,115,CYS,sidechain,0.08688957913175469
SYSTEM,92,HIS,sidechain,SYSTEM,119,THR,sidechain,6.960617424353696
SYSTEM,92,HIS,sidechain,SYSTEM,122,LEU,sidechain,7.08324194947049
SYSTEM,92,HIS,sidechain,SYSTEM,123,ASP,sidechain,9.895918371621741
SYSTEM,92,HIS,sidechain,SYSTEM,126,HIS,sidechain,0.15748137516988797
SYSTEM,92,HIS,sidechain,SYSTEM,128,VAL,sidechain,7.140069666515284
SYSTEM,93,THR,sidechain,SYSTEM,97,ILE,sidechain,1.8053986152471826
SYSTEM,93,THR,sidechain,SYSTEM,118,LYS,sidechain,0.013501393077333876
SYSTEM,93,THR,sidechain,SYSTEM,120,GLU,sidechain,0.004229114447359216
SYSTEM,93,THR,sidechain,SYSTEM,131,LYS,sidechain,0.07950820367763282
SYSTEM,95,PRO,sidechain,SYSTEM,118,LYS,sidechain,0.01504125244730003
SYSTEM,95,PRO,sidechain,SYSTEM,136,MET,sidechain,0.51437862284893
SYSTEM,95,PRO,sidechain,SYSTEM,140,GLU,sidechain,0.006281937245724576
SYSTEM,97,ILE,sidechain,SYSTEM,92,HIS,sidechain,1.527075507151558
SYSTEM,97,ILE,sidechain,SYSTEM,93,THR,sidechain,1.8053986152471826
SYSTEM,97,ILE,sidechain,SYSTEM,115,CYS,sidechain,2.6975876404253873
SYSTEM,97,ILE,sidechain,SYSTEM,128,VAL,sidechain,4.854083605688625
SYSTEM,97,ILE,sidechain,SYSTEM,131,LYS,sidechain,1.1141593948810358
SYSTEM,98,LEU,sidechain,SYSTEM,22,PHE,sidechain,8.588655115277648
SYSTEM,98,LEU,sidechain,SYSTEM,36,PHE,sidechain,6.8317464899113345
SYSTEM,98,LEU,sidechain,SYSTEM,112,PHE,sidechain,3.132991489140104
SYSTEM,98,LEU,sidechain,SYSTEM,114,ILE,sidechain,0.22955585426942737
SYSTEM,98,LEU,sidechain,SYSTEM,129,PHE,sidechain,8.867278436059415
SYSTEM,99,SER,sidechain,SYSTEM,92,HIS,sidechain,7.401224438606486
SYSTEM,99,SER,sidechain,SYSTEM,113,PHE,sidechain,6.021382424351199
SYSTEM,99,SER,sidechain,SYSTEM,115,CYS,sidechain,0.027518572729978263
SYSTEM,99,SER,sidechain,SYSTEM,122,LEU,sidechain,0.01649945068754263
SYSTEM,99,SER,sidechain,SYSTEM,126,HIS,sidechain,0.5656809341254316
SYSTEM,99,SER,sidechain,SYSTEM,128,VAL,sidechain,3.3079910229936953
SYSTEM,100,MET,sidechain,SYSTEM,32,THR,sidechain,4.375048161518858
SYSTEM,100,MET,sidechain,SYSTEM,35,ASN,sidechain,0.1919456352507829
SYSTEM,100,MET,sidechain,SYSTEM,36,PHE,sidechain,0.0372817034251865
SYSTEM,100,MET,sidechain,SYSTEM,83,PHE,sidechain,0.7729739843488668
SYSTEM,100,MET,sidechain,SYSTEM,103,ALA,sidechain,0.030545391778327536
SYSTEM,100,MET,sidechain,SYSTEM,107,THR,sidechain,0.022559547068677754
SYSTEM,100,MET,sidechain,SYSTEM,108,ASN,sidechain,1.8690180833908365
SYSTEM,100,MET,sidechain,SYSTEM,127,VAL,sidechain,0.26752760074482435
SYSTEM,100,MET,sidechain,SYSTEM,129,PHE,sidechain,4.524756072370142
SYSTEM,101,ALA,sidechain,SYSTEM,63,GLN,sidechain,1.8632558173108813
SYSTEM,101,ALA,sidechain,SYSTEM,111,GLN,sidechain,0.23763701325573305
SYSTEM,101,ALA,sidechain,SYSTEM,113,PHE,sidechain,2.655130246276543
SYSTEM,101,ALA,sidechain,SYSTEM,126,HIS,sidechain,0.10965528267062163
SYSTEM,102,ASN,sidechain,SYSTEM,83,PHE,sidechain,0.01689885687772432
SYSTEM,102,ASN,sidechain,SYSTEM,85,ASP,sidechain,0.7195756601618799
SYSTEM,102,ASN,sidechain,SYSTEM,88,PHE,sidechain,0.037418897372103854
SYSTEM,102,ASN,sidechain,SYSTEM,107,THR,sidechain,0.9699782493225486
SYSTEM,102,ASN,sidechain,SYSTEM,108,ASN,sidechain,2.3189002302116712
SYSTEM,102,ASN,sidechain,SYSTEM,110,SER,sidechain,0.052082539889160444
SYSTEM,102,ASN,sidechain,SYSTEM,111,GLN,sidechain,1.431231038389226
SYSTEM,102,ASN,sidechain,SYSTEM,125,LYS,sidechain,0.3899050247974236
SYSTEM,102,ASN,sidechain,SYSTEM,126,HIS,sidechain,5.717286289941136
SYSTEM,102,ASN,sidechain,SYSTEM,127,VAL,sidechain,0.1889821110511445
SYSTEM,103,ALA,sidechain,SYSTEM,82,LYS,sidechain,0.11706091488837975
SYSTEM,103,ALA,sidechain,SYSTEM,83,PHE,sidechain,0.08171762364648691
SYSTEM,103,ALA,sidechain,SYSTEM,100,MET,sidechain,0.030545391778327536
SYSTEM,103,ALA,sidechain,SYSTEM,107,THR,sidechain,0.628578625919263
SYSTEM,103,ALA,sidechain,SYSTEM,108,ASN,sidechain,0.003123035306297869
SYSTEM,103,ALA,sidechain,SYSTEM,111,GLN,sidechain,1.7603302319517173
SYSTEM,103,ALA,sidechain,SYSTEM,125,LYS,sidechain,0.04490007694348812
SYSTEM,103,ALA,sidechain,SYSTEM,126,HIS,sidechain,0.5044143002848593
SYSTEM,103,ALA,sidechain,SYSTEM,127,VAL,sidechain,0.027105981284226904
SYSTEM,105,PRO,sidechain,SYSTEM,82,LYS,sidechain,0.09526126549956684
SYSTEM,105,PRO,sidechain,SYSTEM,83,PHE,sidechain,0.008660987356587841
SYSTEM,105,PRO,sidechain,SYSTEM,84,GLU,sidechain,0.004711452934293431
SYSTEM,105,PRO,sidechain,SYSTEM,85,ASP,sidechain,0.04021143331504732
SYSTEM,105,PRO,sidechain,SYSTEM,88,PHE,sidechain,0.014434978927646402
SYSTEM,105,PRO,sidechain,SYSTEM,125,LYS,sidechain,0.0033425005438444512
SYSTEM,106,ASN,sidechain,SYSTEM,81,GLU,sidechain,0.03939743928462913
SYSTEM,106,ASN,sidechain,SYSTEM,82,LYS,sidechain,0.297669427533517
SYSTEM,106,ASN,sidechain,SYSTEM,84,GLU,sidechain,0.47408251939170387
SYSTEM,106,ASN,sidechain,SYSTEM,85,ASP,sidechain,0.587765539235031
SYSTEM,106,ASN,sidechain,SYSTEM,125,LYS,sidechain,0.006987545247265657
SYSTEM,107,THR,sidechain,SYSTEM,76,LYS,sidechain,0.0060006191454817235
SYSTEM,107,THR,sidechain,SYSTEM,77,SER,sidechain,0.15973701112117464
SYSTEM,107,THR,sidechain,SYSTEM,82,LYS,sidechain,1.279632032773981
SYSTEM,107,THR,sidechain,SYSTEM,83,PHE,sidechain,0.33947830617818264
SYSTEM,107,THR,sidechain,SYSTEM,88,PHE,sidechain,0.0038871561776127796
SYSTEM,107,THR,sidechain,SYSTEM,100,MET,sidechain,0.022559547068677754
SYSTEM,107,THR,sidechain,SYSTEM,102,ASN,sidechain,0.9699782493225486
SYSTEM,107,THR,sidechain,SYSTEM,103,ALA,sidechain,0.628578625919263
SYSTEM,108,ASN,sidechain,SYSTEM,32,THR,sidechain,0.004382431849348865
SYSTEM,108,ASN,sidechain,SYSTEM,35,ASN,sidechain,0.0040825708278374616
SYSTEM,108,ASN,sidechain,SYSTEM,76,LYS,sidechain,0.03493772623632828
SYSTEM,108,ASN,sidechain,SYSTEM,77,SER,sidechain,0.8184399125439491
SYSTEM,108,ASN,sidechain,SYSTEM,79,TYR,sidechain,0.5681229774065962
SYSTEM,108,ASN,sidechain,SYSTEM,81,GLU,sidechain,0.013132479761543045
SYSTEM,108,ASN,sidechain,SYSTEM,82,LYS,sidechain,0.7937851400893796
SYSTEM,108,ASN,sidechain,SYSTEM,83,PHE,sidechain,3.3109688868284124
SYSTEM,108,ASN,sidechain,SYSTEM,85,ASP,sidechain,3.497003208263362
SYSTEM,108,ASN,sidechain,SYSTEM,100,MET,sidechain,1.8690180833908365
SYSTEM,108,ASN,sidechain,SYSTEM,102,ASN,sidechain,2.3189002302116712
SYSTEM,108,ASN,sidechain,SYSTEM,103,ALA,sidechain,0.003123035306297869
SYSTEM,110,SER,sidechain,SYSTEM,35,ASN,sidechain,0.23065124808056753
SYSTEM,110,SER,sidechain,SYSTEM,39,LEU,sidechain,1.090463695440308
SYSTEM,110,SER,sidechain,SYSTEM,48,TYR,sidechain,2.7872874289914824
SYSTEM,110,SER,sidechain,SYSTEM,67,PHE,sidechain,4.028333879684322
SYSTEM,110,SER,sidechain,SYSTEM,77,SER,sidechain,0.33357201577207934
SYSTEM,110,SER,sidechain,SYSTEM,102,ASN,sidechain,0.052082539889160444
SYSTEM,111,GLN,sidechain,SYSTEM,54,HIS,sidechain,0.4322842864283267
SYSTEM,111,GLN,sidechain,SYSTEM,63,GLN,sidechain,2.5406533269700096
SYSTEM,111,GLN,sidechain,SYSTEM,66,ASP,sidechain,1.770475768800011
SYSTEM,111,GLN,sidechain,SYSTEM,101,ALA,sidechain,0.23763701325573305
SYSTEM,111,GLN,sidechain,SYSTEM,102,ASN,sidechain,1.431231038389226
SYSTEM,111,GLN,sidechain,SYSTEM,103,ALA,sidechain,1.7603302319517173
SYSTEM,112,PHE,sidechain,SYSTEM,8,PHE,sidechain,4.374661693096717
SYSTEM,112,PHE,sidechain,SYSTEM,36,PHE,sidechain,7.235429202630407
SYSTEM,112,PHE,sidechain,SYSTEM,48,TYR,sidechain,8.721168048753544
SYSTEM,112,PHE,sidechain,SYSTEM,53,PHE,sidechain,2.492465105611635
SYSTEM,112,PHE,sidechain,SYSTEM,98,LEU,sidechain,3.132991489140104
SYSTEM,112,PHE,sidechain,SYSTEM,129,PHE,sidechain,0.014989051322406806
SYSTEM,113,PHE,sidechain,SYSTEM,55,ARG,sidechain,0.003203694438104965
SYSTEM,113,PHE,sidechain,SYSTEM,60,PHE,sidechain,0.00428258609211623
SYSTEM,113,PHE,sidechain,SYSTEM,61,MET,sidechain,10.524624876930119
SYSTEM,113,PHE,sidechain,SYSTEM,63,GLN,sidechain,5.919179443312142
SYSTEM,113,PHE,sidechain,SYSTEM,92,HIS,sidechain,0.7877410311926129
SYSTEM,113,PHE,sidechain,SYSTEM,99,SER,sidechain,6.021382424351199
SYSTEM,113,PHE,sidechain,SYSTEM,101,ALA,sidechain,2.655130246276543
SYSTEM,113,PHE,sidechain,SYSTEM,119,THR,sidechain,0.012957187258709266
SYSTEM,113,PHE,sidechain,SYSTEM,122,LEU,sidechain,0.6046977747971368
SYSTEM,113,PHE,sidechain,SYSTEM,126,HIS,sidechain,8.321574193215465
SYSTEM,114,ILE,sidechain,SYSTEM,22,PHE,sidechain,3.5908416630900977
SYSTEM,114,ILE,sidechain,SYSTEM,53,PHE,sidechain,0.5194299261073673
SYSTEM,114,ILE,sidechain,SYSTEM,62,CYS,sidechain,1.0479719257652549
SYSTEM,114,ILE,sidechain,SYSTEM,98,LEU,sidechain,0.22955585426942737
SYSTEM,114,ILE,sidechain,SYSTEM,132,VAL,sidechain,0.04143542755409185
SYSTEM,114,ILE,sidechain,SYSTEM,139,VAL,sidechain,2.1899390785070105
SYSTEM,114,ILE,sidechain,SYSTEM,142,MET,sidechain,0.01893208126698363
SYSTEM,115,CYS,sidechain,SYSTEM,61,MET,sidechain,0.14088304770302554
SYSTEM,115,CYS,sidechain,SYSTEM,92,HIS,sidechain,0.08688957913175469
SYSTEM,115,CYS,sidechain,SYSTEM,97,ILE,sidechain,2.6975876404253873
SYSTEM,115,CYS,sidechain,SYSTEM,99,SER,sidechain,0.027518572729978263
SYSTEM,115,CYS,sidechain,SYSTEM,119,THR,sidechain,6.5729470217923165
SYSTEM,116,THR,sidechain,SYSTEM,62,CYS,sidechain,0.07935487028621657
SYSTEM,116,THR,sidechain,SYSTEM,136,MET,sidechain,0.08422230905639697
SYSTEM,116,THR,sidechain,SYSTEM,139,VAL,sidechain,0.08241296006846797
SYSTEM,116,THR,sidechain,SYSTEM,143,GLU,sidechain,13.114483901260858
SYSTEM,117,ALA,sidechain,SYSTEM,60,PHE,sidechain,0.005540177874338096
SYSTEM,118,LYS,sidechain,SYSTEM,93,THR,sidechain,0.013501393077333876
SYSTEM,118,LYS,sidechain,SYSTEM,95,PRO,sidechain,0.01504125244730003
SYSTEM,119,THR,sidechain,SYSTEM,60,PHE,sidechain,1.7777260918949118
SYSTEM,119,THR,sidechain,SYSTEM,61,MET,sidechain,0.04211115452819847
SYSTEM,119,THR,sidechain,SYSTEM,92,HIS,sidechain,6.960617424353696
SYSTEM,119,THR,sidechain,SYSTEM,113,PHE,sidechain,0.012957187258709266
SYSTEM,119,THR,sidechain,SYSTEM,115,CYS,sidechain,6.5729470217923165
SYSTEM,119,THR,sidechain,SYSTEM,122,LEU,sidechain,6.773364352011172
SYSTEM,120,GLU,sidechain,SYSTEM,91,LYS,sidechain,0.02966959216243912
SYSTEM,120,GLU,sidechain,SYSTEM,93,THR,sidechain,0.004229114447359216
SYSTEM,120,GLU,sidechain,SYSTEM,123,ASP,sidechain,0.04283225008612324
SYSTEM,121,TRP,sidechain,SYSTEM,60,PHE,sidechain,6.320529913496033
SYSTEM,121,TRP,sidechain,SYSTEM,61,MET,sidechain,0.0034863207288998296
SYSTEM,121,TRP,sidechain,SYSTEM,125,LYS,sidechain,0.45439035616385764
SYSTEM,122,LEU,sidechain,SYSTEM,60,PHE,sidechain,0.856553789652283
SYSTEM,122,LEU,sidechain,SYSTEM,61,MET,sidechain,0.016946952392919424
SYSTEM,122,LEU,sidechain,SYSTEM,92,HIS,sidechain,7.08324194947049
SYSTEM,122,LEU,sidechain,SYSTEM,99,SER,sidechain,0.01649945068754263
SYSTEM,122,LEU,sidechain,SYSTEM,113,PHE,sidechain,0.6046977747971368
SYSTEM,122,LEU,sidechain,SYSTEM,119,THR,sidechain,6.773364352011172
SYSTEM,122,LEU,sidechain,SYSTEM,125,LYS,sidechain,0.10424111261649978
SYSTEM,122,LEU,sidechain,SYSTEM,126,HIS,sidechain,6.69664977779494
SYSTEM,123,ASP,sidechain,SYSTEM,91,LYS,sidechain,12.581590341888385
SYSTEM,123,ASP,sidechain,SYSTEM,92,HIS,sidechain,9.895918371621741
SYSTEM,123,ASP,sidechain,SYSTEM,120,GLU,sidechain,0.04283225008612324
SYSTEM,125,LYS,sidechain,SYSTEM,85,ASP,sidechain,0.005524905189104569
SYSTEM,125,LYS,sidechain,SYSTEM,102,ASN,sidechain,0.3899050247974236
SYSTEM,125,LYS,sidechain,SYSTEM,103,ALA,sidechain,0.04490007694348812
SYSTEM,125,LYS,sidechain,SYSTEM,105,PRO,sidechain,0.0033425005438444512
SYSTEM,125,LYS,sidechain,SYSTEM,106,ASN,sidechain,0.006987545247265657
SYSTEM,125,LYS,sidechain,SYSTEM,121,TRP,sidechain,0.45439035616385764
SYSTEM,125,LYS,sidechain,SYSTEM,122,LEU,sidechain,0.10424111261649978
SYSTEM,126,HIS,sidechain,SYSTEM,61,MET,sidechain,0.01705384938521718
SYSTEM,126,HIS,sidechain,SYSTEM,92,HIS,sidechain,0.15748137516988797
SYSTEM,126,HIS,sidechain,SYSTEM,99,SER,sidechain,0.5656809341254316
SYSTEM,126,HIS,sidechain,SYSTEM,101,ALA,sidechain,0.10965528267062163
SYSTEM,126,HIS,sidechain,SYSTEM,102,ASN,sidechain,5.717286289941136
SYSTEM,126,HIS,sidechain,SYSTEM,103,ALA,sidechain,0.5044143002848593
SYSTEM,126,HIS,sidechain,SYSTEM,113,PHE,sidechain,8.321574193215465
SYSTEM,126,HIS,sidechain,SYSTEM,122,LEU,sidechain,6.69664977779494
SYSTEM,127,VAL,sidechain,SYSTEM,29,VAL,sidechain,1.1084473615319066
SYSTEM,127,VAL,sidechain,SYSTEM,32,THR,sidechain,1.732257026054533
SYSTEM,127,VAL,sidechain,SYSTEM,83,PHE,sidechain,0.8734808320880505
SYSTEM,127,VAL,sidechain,SYSTEM,85,ASP,sidechain,1.263684992696498
SYSTEM,127,VAL,sidechain,SYSTEM,86,GLU,sidechain,0.22368900912080247
SYSTEM,127,VAL,sidechain,SYSTEM,87,ASN,sidechain,0.14616585151611963
SYSTEM,127,VAL,sidechain,SYSTEM,88,PHE,sidechain,3.716549627385144
SYSTEM,127,VAL,sidechain,SYSTEM,100,MET,sidechain,0.26752760074482435
SYSTEM,127,VAL,sidechain,SYSTEM,102,ASN,sidechain,0.1889821110511445
SYSTEM,127,VAL,sidechain,SYSTEM,103,ALA,sidechain,0.027105981284226904
SYSTEM,128,VAL,sidechain,SYSTEM,90,LEU,sidechain,2.1668297564035157
SYSTEM,128,VAL,sidechain,SYSTEM,92,HIS,sidechain,7.140069666515284
SYSTEM,128,VAL,sidechain,SYSTEM,97,ILE,sidechain,4.854083605688625
SYSTEM,128,VAL,sidechain,SYSTEM,99,SER,sidechain,3.3079910229936953
SYSTEM,129,PHE,sidechain,SYSTEM,24,LEU,sidechain,0.3832591530404384
SYSTEM,129,PHE,sidechain,SYSTEM,29,VAL,sidechain,1.504691868169679
SYSTEM,129,PHE,sidechain,SYSTEM,32,THR,sidechain,8.988400801366604
SYSTEM,129,PHE,sidechain,SYSTEM,33,ALA,sidechain,0.04293637852612025
SYSTEM,129,PHE,sidechain,SYSTEM,36,PHE,sidechain,9.528754054958672
SYSTEM,129,PHE,sidechain,SYSTEM,98,LEU,sidechain,8.867278436059415
SYSTEM,129,PHE,sidechain,SYSTEM,100,MET,sidechain,4.524756072370142
SYSTEM,129,PHE,sidechain,SYSTEM,112,PHE,sidechain,0.014989051322406806
SYSTEM,131,LYS,sidechain,SYSTEM,23,GLU,sidechain,4.480108416528313
SYSTEM,131,LYS,sidechain,SYSTEM,25,PHE,sidechain,3.2972591664721307
SYSTEM,131,LYS,sidechain,SYSTEM,93,THR,sidechain,0.07950820367763282
SYSTEM,131,LYS,sidechain,SYSTEM,97,ILE,sidechain,1.1141593948810358
SYSTEM,132,VAL,sidechain,SYSTEM,20,VAL,sidechain,2.742285958009608
SYSTEM,132,VAL,sidechain,SYSTEM,22,PHE,sidechain,2.1686420658737844
SYSTEM,132,VAL,sidechain,SYSTEM,114,ILE,sidechain,0.04143542755409185
SYSTEM,132,VAL,sidechain,SYSTEM,136,MET,sidechain,3.994673492939789
SYSTEM,132,VAL,sidechain,SYSTEM,139,VAL,sidechain,0.5750471138583184
SYSTEM,133,LYS,sidechain,SYSTEM,2,VAL,sidechain,0.004548562186755979
SYSTEM,133,LYS,sidechain,SYSTEM,5,THR,sidechain,5.0360196178455485
SYSTEM,133,LYS,sidechain,SYSTEM,21,SER,sidechain,1.317266151028146
SYSTEM,133,LYS,sidechain,SYSTEM,23,GLU,sidechain,11.74511264284922
SYSTEM,134,GLU,sidechain,SYSTEM,19,ARG,sidechain,0.0034855276747421038
SYSTEM,134,GLU,sidechain,SYSTEM,21,SER,sidechain,0.6849782107823896
SYSTEM,136,MET,sidechain,SYSTEM,95,PRO,sidechain,0.51437862284893
SYSTEM,136,MET,sidechain,SYSTEM,116,THR,sidechain,0.08422230905639697
SYSTEM,136,MET,sidechain,SYSTEM,132,VAL,sidechain,3.994673492939789
SYSTEM,136,MET,sidechain,SYSTEM,139,VAL,sidechain,3.5097797165897844
SYSTEM,136,MET,sidechain,SYSTEM,140,GLU,sidechain,0.16630183914175328
SYSTEM,137,ASN,sidechain,SYSTEM,140,GLU,sidechain,1.2397060894896645
SYSTEM,137,ASN,sidechain,SYSTEM,144,ARG,sidechain,0.006019813242901991
SYSTEM,138,ILE,sidechain,SYSTEM,10,ILE,sidechain,0.5454827870539349
SYSTEM,138,ILE,sidechain,SYSTEM,17,LEU,sidechain,1.4115546318430678
SYSTEM,138,ILE,sidechain,SYSTEM,20,VAL,sidechain,3.181320048875306
SYSTEM,138,ILE,sidechain,SYSTEM,141,ALA,sidechain,0.009738576557026781
SYSTEM,139,VAL,sidechain,SYSTEM,20,VAL,sidechain,2.6990372892793135
SYSTEM,139,VAL,sidechain,SYSTEM,62,CYS,sidechain,0.1228641087127318
SYSTEM,139,VAL,sidechain,SYSTEM,114,ILE,sidechain,2.1899390785070105
SYSTEM,139,VAL,sidechain,SYSTEM,116,THR,sidechain,0.08241296006846797
SYSTEM,139,VAL,sidechain,SYSTEM,132,VAL,sidechain,0.5750471138583184
SYSTEM,139,VAL,sidechain,SYSTEM,136,MET,sidechain,3.5097797165897844
SYSTEM,139,VAL,sidechain,SYSTEM,142,MET,sidechain,0.9789078118162853
SYSTEM,140,GLU,sidechain,SYSTEM,95,PRO,sidechain,0.006281937245724576
SYSTEM,140,GLU,sidechain,SYSTEM,136,MET,sidechain,0.16630183914175328
SYSTEM,140,GLU,sidechain,SYSTEM,137,ASN,sidechain,1.2397060894896645
SYSTEM,140,GLU,sidechain,SYSTEM,143,GLU,sidechain,0.05195948810465332
SYSTEM,140,GLU,sidechain,SYSTEM,144,ARG,sidechain,1.8856704720354769
SYSTEM,141,ALA,sidechain,SYSTEM,17,LEU,sidechain,1.846280148420705
SYSTEM,141,ALA,sidechain,SYSTEM,138,ILE,sidechain,0.009738576557026781
SYSTEM,141,ALA,sidechain,SYSTEM,144,ARG,sidechain,1.0209203887560327
SYSTEM,141,ALA,sidechain,SYSTEM,145,PHE,sidechain,0.022160711497352385
SYSTEM,142,MET,sidechain,SYSTEM,10,ILE,sidechain,2.940297852156892
SYSTEM,142,MET,sidechain,SYSTEM,17,LEU,sidechain,0.018359198425662707
SYSTEM,142,MET,sidechain,SYSTEM,20,VAL,sidechain,0.003040086372100276
SYSTEM,142,MET,sidechain,SYSTEM,53,PHE,sidechain,6.735561085483695
SYSTEM,142,MET,sidechain,SYSTEM,56,ILE,sidechain,0.26068019590692854
SYSTEM,142,MET,sidechain,SYSTEM,62,CYS,sidechain,4.584366759163972
SYSTEM,142,MET,sidechain,SYSTEM,114,ILE,sidechain,0.01893208126698363
SYSTEM,142,MET,sidechain,SYSTEM,139,VAL,sidechain,0.9789078118162853
SYSTEM,142,MET,sidechain,SYSTEM,156,ILE,sidechain,2.750977039487068
SYSTEM,143,GLU,sidechain,SYSTEM,58,PRO,sidechain,4.238737156552687
SYSTEM,143,GLU,sidechain,SYSTEM,62,CYS,sidechain,0.08196384280135248
SYSTEM,143,GLU,sidechain,SYSTEM,116,THR,sidechain,13.114483901260858
SYSTEM,143,GLU,sidechain,SYSTEM,140,GLU,sidechain,0.05195948810465332
SYSTEM,144,ARG,sidechain,SYSTEM,15,GLU,sidechain,0.013942110698968415
SYSTEM,144,ARG,sidechain,SYSTEM,17,LEU,sidechain,0.0036407173047347135
SYSTEM,144,ARG,sidechain,SYSTEM,137,ASN,sidechain,0.006019813242901991
SYSTEM,144,ARG,sidechain,SYSTEM,140,GLU,sidechain,1.8856704720354769
SYSTEM,144,ARG,sidechain,SYSTEM,141,ALA,sidechain,1.0209203887560327
SYSTEM,145,PHE,sidechain,SYSTEM,12,VAL,sidechain,5.462201725096347
SYSTEM,145,PHE,sidechain,SYSTEM,17,LEU,sidechain,0.8991381399901103
SYSTEM,145,PHE,sidechain,SYSTEM,141,ALA,sidechain,0.022160711497352385
SYSTEM,145,PHE,sidechain,SYSTEM,153,SER,sidechain,0.8275771109312167
SYSTEM,145,PHE,sidechain,SYSTEM,154,LYS,sidechain,5.652444285380814
SYSTEM,145,PHE,sidechain,SYSTEM,156,ILE,sidechain,3.072666398639981
SYSTEM,147,SER,sidechain,SYSTEM,55,ARG,sidechain,0.006582557410938636
SYSTEM,147,SER,sidechain,SYSTEM,151,LYS,sidechain,0.28882053659433804
SYSTEM,147,SER,sidechain,SYSTEM,152,THR,sidechain,0.13577645945299843
SYSTEM,147,SER,sidechain,SYSTEM,153,SER,sidechain,0.04556105581277177
SYSTEM,148,ARG,sidechain,SYSTEM,55,ARG,sidechain,0.003195470472584764
SYSTEM,148,ARG,sidechain,SYSTEM,57,ILE,sidechain,0.5981887543664661
SYSTEM,148,ARG,sidechain,SYSTEM,58,PRO,sidechain,1.7925415339824888
SYSTEM,148,ARG,sidechain,SYSTEM,60,PHE,sidechain,0.17406739780370312
SYSTEM,149,ASN,sidechain,SYSTEM,55,ARG,sidechain,0.02046736502586677
SYSTEM,151,LYS,sidechain,SYSTEM,54,HIS,sidechain,0.03532968701036566
SYSTEM,151,LYS,sidechain,SYSTEM,55,ARG,sidechain,0.12116613223850872
SYSTEM,151,LYS,sidechain,SYSTEM,71,ASN,sidechain,0.14114841399476624
SYSTEM,151,LYS,sidechain,SYSTEM,147,SER,sidechain,0.28882053659433804
SYSTEM,152,THR,sidechain,SYSTEM,55,ARG,sidechain,0.04911091814558426
SYSTEM,152,THR,sidechain,SYSTEM,56,ILE,sidechain,4.4094849273993795
SYSTEM,152,THR,sidechain,SYSTEM,147,SER,sidechain,0.13577645945299843
SYSTEM,152,THR,sidechain,SYSTEM,155,LYS,sidechain,0.04050417923200163
SYSTEM,152,THR,sidechain,SYSTEM,156,ILE,sidechain,0.48285682056232826
SYSTEM,153,SER,sidechain,SYSTEM,145,PHE,sidechain,0.8275771109312167
SYSTEM,153,SER,sidechain,SYSTEM,147,SER,sidechain,0.04556105581277177
SYSTEM,154,LYS,sidechain,SYSTEM,12,VAL,sidechain,2.579034759890621
SYSTEM,154,LYS,sidechain,SYSTEM,13,ASP,sidechain,7.280443812942551
SYSTEM,154,LYS,sidechain,SYSTEM,15,GLU,sidechain,0.008091706953392487
SYSTEM,154,LYS,sidechain,SYSTEM,145,PHE,sidechain,5.652444285380814
SYSTEM,155,LYS,sidechain,SYSTEM,13,ASP,sidechain,2.91853116614449
SYSTEM,155,LYS,sidechain,SYSTEM,52,CYS,sidechain,2.049736631530558
SYSTEM,155,LYS,sidechain,SYSTEM,54,HIS,sidechain,0.003925520778929517
SYSTEM,155,LYS,sidechain,SYSTEM,70,HIS,sidechain,0.043180728568224684
SYSTEM,155,LYS,sidechain,SYSTEM,152,THR,sidechain,0.04050417923200163
SYSTEM,156,ILE,sidechain,SYSTEM,10,ILE,sidechain,0.004410912024694897
SYSTEM,156,ILE,sidechain,SYSTEM,12,VAL,sidechain,3.917949872059164
SYSTEM,156,ILE,sidechain,SYSTEM,17,LEU,sidechain,0.004277438278312313
SYSTEM,156,ILE,sidechain,SYSTEM,53,PHE,sidechain,2.5469631642462853
SYSTEM,156,ILE,sidechain,SYSTEM,56,ILE,sidechain,0.20290195313596546
SYSTEM,156,ILE,sidechain,SYSTEM,142,MET,sidechain,2.750977039487068
SYSTEM,156,ILE,sidechain,SYSTEM,145,PHE,sidechain,3.072666398639981
SYSTEM,156,ILE,sidechain,SYSTEM,152,THR,sidechain,0.48285682056232826
SYSTEM,157,THR,sidechain,SYSTEM,11,ALA,sidechain,0.013409677352944299
SYSTEM,157,THR,sidechain,SYSTEM,13,ASP,sidechain,0.0043313709622917
SYSTEM,157,THR,sidechain,SYSTEM,52,CYS,sidechain,3.0036662604080773
SYSTEM,158,ILE,sidechain,SYSTEM,8,PHE,sidechain,12.00209341338918
SYSTEM,158,ILE,sidechain,SYSTEM,10,ILE,sidechain,0.17496617697956435
SYSTEM,158,ILE,sidechain,SYSTEM,48,TYR,sidechain,0.07245728880486095
SYSTEM,158,ILE,sidechain,SYSTEM,51,SER,sidechain,1.6627613040583618
SYSTEM,158,ILE,sidechain,SYSTEM,53,PHE,sidechain,3.509288655367922
SYSTEM,158,ILE,sidechain,SYSTEM,161,CYS,sidechain,2.153165407539504
SYSTEM,159,ALA,sidechain,SYSTEM,9,ASP,sidechain,0.026236507877771452
SYSTEM,160,ASP,sidechain,SYSTEM,7,PHE,sidechain,0.22786250573105205
SYSTEM,160,ASP,sidechain,SYSTEM,9,ASP,sidechain,2.815521499978218
SYSTEM,160,ASP,sidechain,SYSTEM,19,ARG,sidechain,0.010709414616151477
SYSTEM,160,ASP,sidechain,SYSTEM,49,LYS,sidechain,8.460011070816362
SYSTEM,161,CYS,sidechain,SYSTEM,8,PHE,sidechain,2.2963650831689635
SYSTEM,161,CYS,sidechain,SYSTEM,40,SER,sidechain,1.0405460313523034
SYSTEM,161,CYS,sidechain,SYSTEM,49,LYS,sidechain,0.6477103146128842
SYSTEM,161,CYS,sidechain,SYSTEM,158,ILE,sidechain,2.153165407539504
SYSTEM,163,GLN,sidechain,SYSTEM,4,PRO,sidechain,0.7761255358491586
SYSTEM,163,GLN,sidechain,SYSTEM,6,VAL,sidechain,0.5266548398301868
SYSTEM,163,GLN,sidechain,SYSTEM,37,ARG,sidechain,10.277998372589819
SYSTEM,163,GLN,sidechain,SYSTEM,41,THR,sidechain,3.4267057787820367
SYSTEM,164,LEU,sidechain,SYSTEM,4,PRO,sidechain,0.006561634212087903
SYSTEM,164,LEU,sidechain,SYSTEM,5,THR,sidechain,4.479255295395198
SYSTEM,164,LEU,sidechain,SYSTEM,7,PHE,sidechain,4.3119696456359335
SYSTEM,164,LEU,sidechain,SYSTEM,19,ARG,sidechain,0.0376207454822587
SYSTEM,164,LEU,sidechain,SYSTEM,21,SER,sidechain,0.1304956554378372
