SYSTEM,3,ASN,sidechain,SYSTEM,2,VAL,sidechain,-0.002371264541601682
SYSTEM,4,PRO,sidechain,SYSTEM,2,VAL,sidechain,0.02050190874664755
SYSTEM,3,ASN,sidechain,SYSTEM,4,PRO,sidechain,0.1139132736044211
SYSTEM,5,THR,sidechain,SYSTEM,2,VAL,sidechain,0.0006294136757140869
SYSTEM,4,PRO,sidechain,SYSTEM,6,VAL,sidechain,-0.12073200054422066
SYSTEM,7,PHE,sidechain,SYSTEM,5,THR,sidechain,-0.054767484937633545
SYSTEM,8,PHE,sidechain,SYSTEM,6,VAL,sidechain,-0.3470666147694066
SYSTEM,9,ASP,sidechain,SYSTEM,7,PHE,sidechain,-0.19949482388252004
SYSTEM,10,ILE,sidechain,SYSTEM,8,PHE,sidechain,-0.007070817026336651
SYSTEM,11,ALA,sidechain,SYSTEM,10,ILE,sidechain,0.37670098627348997
SYSTEM,10,ILE,sidechain,SYSTEM,12,VAL,sidechain,-0.28164254749690615
SYSTEM,11,ALA,sidechain,SYSTEM,12,VAL,sidechain,-0.4117609027505189
SYSTEM,13,ASP,sidechain,SYSTEM,12,VAL,sidechain,0.030256572648820996
SYSTEM,15,GLU,sidechain,SYSTEM,12,VAL,sidechain,-0.0022841440903549836
SYSTEM,13,ASP,sidechain,SYSTEM,15,GLU,sidechain,-0.0017570239844379367
SYSTEM,9,ASP,sidechain,SYSTEM,16,PRO,sidechain,-0.0002991358538369437
SYSTEM,11,ALA,sidechain,SYSTEM,16,PRO,sidechain,-0.022019519342121655
SYSTEM,15,GLU,sidechain,SYSTEM,16,PRO,sidechain,-0.007425277093825461
SYSTEM,10,ILE,sidechain,SYSTEM,17,LEU,sidechain,-0.6761426088306215
SYSTEM,11,ALA,sidechain,SYSTEM,17,LEU,sidechain,0.002774787060060463
SYSTEM,17,LEU,sidechain,SYSTEM,12,VAL,sidechain,-0.9684856304723014
SYSTEM,15,GLU,sidechain,SYSTEM,17,LEU,sidechain,-0.001702510940653461
SYSTEM,19,ARG,sidechain,SYSTEM,7,PHE,sidechain,-0.9848332697773104
SYSTEM,19,ARG,sidechain,SYSTEM,9,ASP,sidechain,-2.589191007443688
SYSTEM,8,PHE,sidechain,SYSTEM,20,VAL,sidechain,-0.0006034181813349376
SYSTEM,10,ILE,sidechain,SYSTEM,20,VAL,sidechain,-0.34744731927398487
SYSTEM,21,SER,sidechain,SYSTEM,5,THR,sidechain,-0.03425394411530945
SYSTEM,7,PHE,sidechain,SYSTEM,21,SER,sidechain,-0.02263873048521184
SYSTEM,19,ARG,sidechain,SYSTEM,21,SER,sidechain,-0.0017085801828634012
SYSTEM,22,PHE,sidechain,SYSTEM,6,VAL,sidechain,-0.022832467404476087
SYSTEM,22,PHE,sidechain,SYSTEM,8,PHE,sidechain,-1.0306228086906861
SYSTEM,22,PHE,sidechain,SYSTEM,20,VAL,sidechain,-0.9659559635164497
SYSTEM,3,ASN,sidechain,SYSTEM,23,GLU,sidechain,-0.7268730827037815
SYSTEM,23,GLU,sidechain,SYSTEM,5,THR,sidechain,-0.09318867686961022
SYSTEM,24,LEU,sidechain,SYSTEM,4,PRO,sidechain,-0.6404808467741568
SYSTEM,24,LEU,sidechain,SYSTEM,6,VAL,sidechain,-0.9839533259952581
SYSTEM,3,ASN,sidechain,SYSTEM,25,PHE,sidechain,-0.2933735847877865
SYSTEM,23,GLU,sidechain,SYSTEM,25,PHE,sidechain,-0.2108746831827275
SYSTEM,26,ALA,sidechain,SYSTEM,2,VAL,sidechain,-0.007496659629992196
SYSTEM,26,ALA,sidechain,SYSTEM,3,ASN,sidechain,-0.011706320012544657
SYSTEM,26,ALA,sidechain,SYSTEM,4,PRO,sidechain,-0.12423427675990946
SYSTEM,26,ALA,sidechain,SYSTEM,24,LEU,sidechain,-0.004911982629273262
SYSTEM,27,ASP,sidechain,SYSTEM,2,VAL,sidechain,0.039041613555186754
SYSTEM,3,ASN,sidechain,SYSTEM,27,ASP,sidechain,-0.42986409678463483
SYSTEM,27,ASP,sidechain,SYSTEM,4,PRO,sidechain,0.0008973347080813779
SYSTEM,27,ASP,sidechain,SYSTEM,25,PHE,sidechain,0.00017314116199771602
SYSTEM,26,ALA,sidechain,SYSTEM,27,ASP,sidechain,0.019721620728249675
SYSTEM,3,ASN,sidechain,SYSTEM,28,LYS,sidechain,0.000905103417677241
SYSTEM,28,LYS,sidechain,SYSTEM,25,PHE,sidechain,-0.04361093999886816
SYSTEM,27,ASP,sidechain,SYSTEM,28,LYS,sidechain,-0.12499770074040739
SYSTEM,26,ALA,sidechain,SYSTEM,29,VAL,sidechain,0.015039578154608681
SYSTEM,28,LYS,sidechain,SYSTEM,29,VAL,sidechain,-0.00571273268757762
SYSTEM,26,ALA,sidechain,SYSTEM,30,PRO,sidechain,-0.005589960672130639
SYSTEM,30,PRO,sidechain,SYSTEM,29,VAL,sidechain,-0.022883325304415496
SYSTEM,31,LYS,sidechain,SYSTEM,30,PRO,sidechain,-0.03675341404803269
SYSTEM,32,THR,sidechain,SYSTEM,29,VAL,sidechain,0.21471469709417085
SYSTEM,33,ALA,sidechain,SYSTEM,4,PRO,sidechain,0.00030528382955493033
SYSTEM,33,ALA,sidechain,SYSTEM,24,LEU,sidechain,-1.0069556837002713
SYSTEM,33,ALA,sidechain,SYSTEM,26,ALA,sidechain,0.002902183755460036
SYSTEM,33,ALA,sidechain,SYSTEM,29,VAL,sidechain,-0.007214752651591014
SYSTEM,33,ALA,sidechain,SYSTEM,30,PRO,sidechain,1.5326755141818917e-05
SYSTEM,33,ALA,sidechain,SYSTEM,32,THR,sidechain,-0.06401464139408135
SYSTEM,34,GLU,sidechain,SYSTEM,31,LYS,sidechain,-0.0002138596046697367
SYSTEM,33,ALA,sidechain,SYSTEM,34,GLU,sidechain,-0.39854830315198886
SYSTEM,35,ASN,sidechain,SYSTEM,32,THR,sidechain,0.0077268087642860936
SYSTEM,36,PHE,sidechain,SYSTEM,6,VAL,sidechain,-0.6205321868092378
SYSTEM,36,PHE,sidechain,SYSTEM,8,PHE,sidechain,-1.1376844335656304
SYSTEM,36,PHE,sidechain,SYSTEM,22,PHE,sidechain,-0.4965909590626454
SYSTEM,24,LEU,sidechain,SYSTEM,36,PHE,sidechain,-1.0425993181043096
SYSTEM,37,ARG,sidechain,SYSTEM,4,PRO,sidechain,-0.00031004442677988513
SYSTEM,37,ARG,sidechain,SYSTEM,34,GLU,sidechain,-2.3105308568508893
SYSTEM,38,ALA,sidechain,SYSTEM,34,GLU,sidechain,-0.1945001296724633
SYSTEM,38,ALA,sidechain,SYSTEM,37,ARG,sidechain,-0.9420046530008971
SYSTEM,35,ASN,sidechain,SYSTEM,39,LEU,sidechain,-0.8126559064409079
SYSTEM,38,ALA,sidechain,SYSTEM,39,LEU,sidechain,0.009132199956999197
SYSTEM,40,SER,sidechain,SYSTEM,6,VAL,sidechain,-0.27842794366917767
SYSTEM,8,PHE,sidechain,SYSTEM,40,SER,sidechain,-0.5150631893431762
SYSTEM,36,PHE,sidechain,SYSTEM,40,SER,sidechain,-0.3558426298183407
SYSTEM,41,THR,sidechain,SYSTEM,6,VAL,sidechain,-0.011683609459426376
SYSTEM,37,ARG,sidechain,SYSTEM,41,THR,sidechain,-0.44954532837461714
SYSTEM,38,ALA,sidechain,SYSTEM,41,THR,sidechain,-0.6460352417874289
SYSTEM,40,SER,sidechain,SYSTEM,41,THR,sidechain,0.004380118441428398
SYSTEM,43,GLU,sidechain,SYSTEM,34,GLU,sidechain,-0.2985515039731431
SYSTEM,37,ARG,sidechain,SYSTEM,43,GLU,sidechain,-2.065695986147974
SYSTEM,38,ALA,sidechain,SYSTEM,43,GLU,sidechain,-0.008617038243550474
SYSTEM,43,GLU,sidechain,SYSTEM,41,THR,sidechain,-0.8931123417012252
SYSTEM,34,GLU,sidechain,SYSTEM,44,LYS,sidechain,-0.005544915959075257
SYSTEM,37,ARG,sidechain,SYSTEM,44,LYS,sidechain,-0.006141452960759312
SYSTEM,38,ALA,sidechain,SYSTEM,44,LYS,sidechain,-0.3307458342259543
SYSTEM,39,LEU,sidechain,SYSTEM,44,LYS,sidechain,-0.0014487110770546592
SYSTEM,43,GLU,sidechain,SYSTEM,44,LYS,sidechain,-0.19753057670618568
SYSTEM,39,LEU,sidechain,SYSTEM,46,PHE,sidechain,-0.6564403454308863
SYSTEM,44,LYS,sidechain,SYSTEM,46,PHE,sidechain,-0.06648523647795905
SYSTEM,35,ASN,sidechain,SYSTEM,48,TYR,sidechain,-0.22426723565284784
SYSTEM,36,PHE,sidechain,SYSTEM,48,TYR,sidechain,-0.3778111486384956
SYSTEM,39,LEU,sidechain,SYSTEM,48,TYR,sidechain,-1.1437574675591378
SYSTEM,49,LYS,sidechain,SYSTEM,46,PHE,sidechain,-0.01190570933738729
SYSTEM,51,SER,sidechain,SYSTEM,48,TYR,sidechain,-0.0273971925308178
SYSTEM,53,PHE,sidechain,SYSTEM,8,PHE,sidechain,-0.14392965802779564
SYSTEM,10,ILE,sidechain,SYSTEM,53,PHE,sidechain,-0.7503173466284315
SYSTEM,54,HIS,sidechain,SYSTEM,51,SER,sidechain,0.0013999674286875692
SYSTEM,52,CYS,sidechain,SYSTEM,54,HIS,sidechain,-0.09751298417710326
SYSTEM,55,ARG,sidechain,SYSTEM,54,HIS,sidechain,-0.011029209354082931
SYSTEM,56,ILE,sidechain,SYSTEM,53,PHE,sidechain,-0.01909373487558934
SYSTEM,55,ARG,sidechain,SYSTEM,57,ILE,sidechain,-0.19226181322288188
SYSTEM,55,ARG,sidechain,SYSTEM,58,PRO,sidechain,-9.610682361192636e-06
SYSTEM,56,ILE,sidechain,SYSTEM,58,PRO,sidechain,-0.7050066656162302
SYSTEM,57,ILE,sidechain,SYSTEM,58,PRO,sidechain,-0.9662420476054574
SYSTEM,55,ARG,sidechain,SYSTEM,60,PHE,sidechain,-0.003246268267287848
SYSTEM,57,ILE,sidechain,SYSTEM,60,PHE,sidechain,-0.37493445706292317
SYSTEM,55,ARG,sidechain,SYSTEM,61,MET,sidechain,-0.1504300308956513
SYSTEM,57,ILE,sidechain,SYSTEM,61,MET,sidechain,-0.47329291710707977
SYSTEM,61,MET,sidechain,SYSTEM,60,PHE,sidechain,-0.7869118952688265
SYSTEM,62,CYS,sidechain,SYSTEM,53,PHE,sidechain,-0.011968500300340325
SYSTEM,62,CYS,sidechain,SYSTEM,56,ILE,sidechain,-1.014081496413198
SYSTEM,63,GLN,sidechain,SYSTEM,54,HIS,sidechain,-0.32711208963973243
SYSTEM,55,ARG,sidechain,SYSTEM,63,GLN,sidechain,-0.502452542500842
SYSTEM,63,GLN,sidechain,SYSTEM,57,ILE,sidechain,-0.036765454769633214
SYSTEM,63,GLN,sidechain,SYSTEM,60,PHE,sidechain,0.0005795639473479706
SYSTEM,63,GLN,sidechain,SYSTEM,61,MET,sidechain,-0.5201487249881308
SYSTEM,66,ASP,sidechain,SYSTEM,54,HIS,sidechain,-0.08912607788161321
SYSTEM,39,LEU,sidechain,SYSTEM,67,PHE,sidechain,-1.128839074255346
SYSTEM,67,PHE,sidechain,SYSTEM,46,PHE,sidechain,-0.27504489926591547
SYSTEM,67,PHE,sidechain,SYSTEM,48,TYR,sidechain,-0.5382075316303379
SYSTEM,67,PHE,sidechain,SYSTEM,51,SER,sidechain,-0.0006637657172866277
SYSTEM,46,PHE,sidechain,SYSTEM,68,THR,sidechain,-0.0006637497024459915
SYSTEM,66,ASP,sidechain,SYSTEM,68,THR,sidechain,-0.8901516308079471
SYSTEM,67,PHE,sidechain,SYSTEM,68,THR,sidechain,-0.9905531522031729
SYSTEM,69,ARG,sidechain,SYSTEM,68,THR,sidechain,0.002733382999759305
SYSTEM,70,HIS,sidechain,SYSTEM,51,SER,sidechain,0.014722452191012604
SYSTEM,52,CYS,sidechain,SYSTEM,70,HIS,sidechain,-0.1106664508271341
SYSTEM,70,HIS,sidechain,SYSTEM,54,HIS,sidechain,0.09068576555948456
SYSTEM,66,ASP,sidechain,SYSTEM,70,HIS,sidechain,-0.009569032733644043
SYSTEM,71,ASN,sidechain,SYSTEM,54,HIS,sidechain,-0.00033324390471160234
SYSTEM,55,ARG,sidechain,SYSTEM,71,ASN,sidechain,-0.003312078381811346
SYSTEM,71,ASN,sidechain,SYSTEM,66,ASP,sidechain,-0.10162307743679036
SYSTEM,69,ARG,sidechain,SYSTEM,71,ASN,sidechain,-0.004410052077507937
SYSTEM,71,ASN,sidechain,SYSTEM,70,HIS,sidechain,-0.0005584713462349418
SYSTEM,55,ARG,sidechain,SYSTEM,73,THR,sidechain,-0.026397695573238466
SYSTEM,66,ASP,sidechain,SYSTEM,73,THR,sidechain,-0.6200289798306895
SYSTEM,69,ARG,sidechain,SYSTEM,73,THR,sidechain,-0.3476296952203638
SYSTEM,71,ASN,sidechain,SYSTEM,73,THR,sidechain,-0.2214731407748604
SYSTEM,39,LEU,sidechain,SYSTEM,76,LYS,sidechain,-0.0012571793812495488
SYSTEM,76,LYS,sidechain,SYSTEM,46,PHE,sidechain,-1.0110029407053978
SYSTEM,76,LYS,sidechain,SYSTEM,67,PHE,sidechain,-0.24931255170515368
SYSTEM,76,LYS,sidechain,SYSTEM,68,THR,sidechain,-0.3145512952071547
SYSTEM,35,ASN,sidechain,SYSTEM,77,SER,sidechain,-0.6189993096377838
SYSTEM,39,LEU,sidechain,SYSTEM,77,SER,sidechain,-0.026108232346343827
SYSTEM,76,LYS,sidechain,SYSTEM,77,SER,sidechain,-0.0010793714613823982
SYSTEM,34,GLU,sidechain,SYSTEM,78,ILE,sidechain,-0.04984185182290351
SYSTEM,35,ASN,sidechain,SYSTEM,78,ILE,sidechain,-0.40418467206366876
SYSTEM,38,ALA,sidechain,SYSTEM,78,ILE,sidechain,-0.82536382893413
SYSTEM,78,ILE,sidechain,SYSTEM,39,LEU,sidechain,-1.0938022206718852
SYSTEM,43,GLU,sidechain,SYSTEM,78,ILE,sidechain,0.0011505077636756978
SYSTEM,78,ILE,sidechain,SYSTEM,44,LYS,sidechain,-0.20701310995893626
SYSTEM,78,ILE,sidechain,SYSTEM,46,PHE,sidechain,-0.6762750983260549
SYSTEM,78,ILE,sidechain,SYSTEM,76,LYS,sidechain,-0.021699103605854406
SYSTEM,78,ILE,sidechain,SYSTEM,77,SER,sidechain,0.0011227194454286483
SYSTEM,30,PRO,sidechain,SYSTEM,79,TYR,sidechain,0.00017509916862407763
SYSTEM,31,LYS,sidechain,SYSTEM,79,TYR,sidechain,-0.669118866533763
SYSTEM,34,GLU,sidechain,SYSTEM,79,TYR,sidechain,-0.0684024473441975
SYSTEM,35,ASN,sidechain,SYSTEM,79,TYR,sidechain,-0.0965932751154447
SYSTEM,37,ARG,sidechain,SYSTEM,79,TYR,sidechain,0.0001683302975439287
SYSTEM,38,ALA,sidechain,SYSTEM,79,TYR,sidechain,-0.01283027160983462
SYSTEM,43,GLU,sidechain,SYSTEM,79,TYR,sidechain,-0.00250726969508858
SYSTEM,44,LYS,sidechain,SYSTEM,79,TYR,sidechain,-0.07208378632300785
SYSTEM,77,SER,sidechain,SYSTEM,79,TYR,sidechain,-0.21981748521744787
SYSTEM,78,ILE,sidechain,SYSTEM,79,TYR,sidechain,-0.4606305542422903
SYSTEM,81,GLU,sidechain,SYSTEM,31,LYS,sidechain,-0.3285194911438596
SYSTEM,81,GLU,sidechain,SYSTEM,68,THR,sidechain,0.00011625293489698169
SYSTEM,69,ARG,sidechain,SYSTEM,81,GLU,sidechain,-0.0035117023273721916
SYSTEM,81,GLU,sidechain,SYSTEM,76,LYS,sidechain,-0.014275618922802713
SYSTEM,81,GLU,sidechain,SYSTEM,77,SER,sidechain,0.0002014995603771
SYSTEM,81,GLU,sidechain,SYSTEM,79,TYR,sidechain,-0.013237784390563851
SYSTEM,82,LYS,sidechain,SYSTEM,31,LYS,sidechain,0.002146583485912967
SYSTEM,69,ARG,sidechain,SYSTEM,82,LYS,sidechain,-0.00042995139695964493
SYSTEM,81,GLU,sidechain,SYSTEM,82,LYS,sidechain,-0.16074135300743353
SYSTEM,83,PHE,sidechain,SYSTEM,29,VAL,sidechain,-0.0058211398187217175
SYSTEM,31,LYS,sidechain,SYSTEM,83,PHE,sidechain,-0.33942711292082195
SYSTEM,83,PHE,sidechain,SYSTEM,32,THR,sidechain,-0.1741112087554132
SYSTEM,35,ASN,sidechain,SYSTEM,83,PHE,sidechain,-0.2894091400239695
SYSTEM,83,PHE,sidechain,SYSTEM,77,SER,sidechain,-0.15325553886653795
SYSTEM,78,ILE,sidechain,SYSTEM,83,PHE,sidechain,-0.02736786138508227
SYSTEM,83,PHE,sidechain,SYSTEM,79,TYR,sidechain,-0.3390168991557636
SYSTEM,81,GLU,sidechain,SYSTEM,83,PHE,sidechain,-0.016868553465822122
SYSTEM,84,GLU,sidechain,SYSTEM,31,LYS,sidechain,-0.2982003924685282
SYSTEM,84,GLU,sidechain,SYSTEM,79,TYR,sidechain,-0.057506740777999846
SYSTEM,84,GLU,sidechain,SYSTEM,81,GLU,sidechain,-0.009058285526676358
SYSTEM,84,GLU,sidechain,SYSTEM,82,LYS,sidechain,-0.34372059581475656
SYSTEM,84,GLU,sidechain,SYSTEM,83,PHE,sidechain,-0.003751484824197514
SYSTEM,85,ASP,sidechain,SYSTEM,29,VAL,sidechain,0.0019077403651369916
SYSTEM,85,ASP,sidechain,SYSTEM,32,THR,sidechain,-0.06906653163800171
SYSTEM,85,ASP,sidechain,SYSTEM,82,LYS,sidechain,-0.06630008937800294
SYSTEM,85,ASP,sidechain,SYSTEM,83,PHE,sidechain,-0.011935623799944733
SYSTEM,85,ASP,sidechain,SYSTEM,84,GLU,sidechain,-0.017904281181717788
SYSTEM,86,GLU,sidechain,SYSTEM,28,LYS,sidechain,-0.0017962518867317375
SYSTEM,86,GLU,sidechain,SYSTEM,29,VAL,sidechain,-0.19038575820984746
SYSTEM,86,GLU,sidechain,SYSTEM,30,PRO,sidechain,-0.32779747554120586
SYSTEM,86,GLU,sidechain,SYSTEM,31,LYS,sidechain,-0.6318758622195189
SYSTEM,86,GLU,sidechain,SYSTEM,32,THR,sidechain,-0.33766384721062814
SYSTEM,86,GLU,sidechain,SYSTEM,81,GLU,sidechain,-0.0012599233087602552
SYSTEM,86,GLU,sidechain,SYSTEM,82,LYS,sidechain,-0.0040091295818706135
SYSTEM,86,GLU,sidechain,SYSTEM,83,PHE,sidechain,-0.015980847298282082
SYSTEM,86,GLU,sidechain,SYSTEM,84,GLU,sidechain,-0.08157459480167421
SYSTEM,85,ASP,sidechain,SYSTEM,86,GLU,sidechain,-0.003248388474280541
SYSTEM,87,ASN,sidechain,SYSTEM,28,LYS,sidechain,-0.0027855872869729757
SYSTEM,87,ASN,sidechain,SYSTEM,29,VAL,sidechain,-0.05113808081469515
SYSTEM,87,ASN,sidechain,SYSTEM,30,PRO,sidechain,-0.013116176355514791
SYSTEM,87,ASN,sidechain,SYSTEM,31,LYS,sidechain,-0.010116306236841819
SYSTEM,87,ASN,sidechain,SYSTEM,32,THR,sidechain,-0.03640795336616645
SYSTEM,87,ASN,sidechain,SYSTEM,83,PHE,sidechain,0.0022420032148981668
SYSTEM,87,ASN,sidechain,SYSTEM,84,GLU,sidechain,-0.07444132901615343
SYSTEM,87,ASN,sidechain,SYSTEM,85,ASP,sidechain,-0.006903741955310553
SYSTEM,87,ASN,sidechain,SYSTEM,86,GLU,sidechain,-0.17026501375780376
SYSTEM,88,PHE,sidechain,SYSTEM,83,PHE,sidechain,-0.01907081817919677
SYSTEM,85,ASP,sidechain,SYSTEM,88,PHE,sidechain,-0.025173942796647787
SYSTEM,86,GLU,sidechain,SYSTEM,88,PHE,sidechain,-0.002977676071844377
SYSTEM,87,ASN,sidechain,SYSTEM,88,PHE,sidechain,0.0008274677705455136
SYSTEM,89,ILE,sidechain,SYSTEM,28,LYS,sidechain,-0.6827917990882273
SYSTEM,89,ILE,sidechain,SYSTEM,29,VAL,sidechain,-0.25248108105082717
SYSTEM,86,GLU,sidechain,SYSTEM,89,ILE,sidechain,0.000384546686094124
SYSTEM,87,ASN,sidechain,SYSTEM,89,ILE,sidechain,-0.05141087766667199
SYSTEM,90,LEU,sidechain,SYSTEM,25,PHE,sidechain,-1.0420991285768273
SYSTEM,90,LEU,sidechain,SYSTEM,28,LYS,sidechain,-0.8275157195049804
SYSTEM,90,LEU,sidechain,SYSTEM,29,VAL,sidechain,-0.8250744918595765
SYSTEM,87,ASN,sidechain,SYSTEM,90,LEU,sidechain,-0.005498941366250937
SYSTEM,89,ILE,sidechain,SYSTEM,90,LEU,sidechain,-0.38579356398460896
SYSTEM,89,ILE,sidechain,SYSTEM,91,LYS,sidechain,0.0013187257917253645
SYSTEM,91,LYS,sidechain,SYSTEM,93,THR,sidechain,-0.21005201142850694
SYSTEM,97,ILE,sidechain,SYSTEM,25,PHE,sidechain,-0.03392953277527393
SYSTEM,97,ILE,sidechain,SYSTEM,90,LEU,sidechain,-0.0003019259883449985
SYSTEM,92,HIS,sidechain,SYSTEM,97,ILE,sidechain,-0.21567297558654677
SYSTEM,97,ILE,sidechain,SYSTEM,93,THR,sidechain,0.40110956398131964
SYSTEM,98,LEU,sidechain,SYSTEM,8,PHE,sidechain,-0.00040522092705839996
SYSTEM,98,LEU,sidechain,SYSTEM,22,PHE,sidechain,-1.1492116717206728
SYSTEM,98,LEU,sidechain,SYSTEM,24,LEU,sidechain,-0.40345602700455147
SYSTEM,98,LEU,sidechain,SYSTEM,36,PHE,sidechain,-0.9505602100196031
SYSTEM,92,HIS,sidechain,SYSTEM,99,SER,sidechain,-1.3710788738775206
SYSTEM,97,ILE,sidechain,SYSTEM,99,SER,sidechain,-0.007004825760248479
SYSTEM,100,MET,sidechain,SYSTEM,32,THR,sidechain,-1.1062966797088685
SYSTEM,35,ASN,sidechain,SYSTEM,100,MET,sidechain,0.09052743694068609
SYSTEM,100,MET,sidechain,SYSTEM,36,PHE,sidechain,-0.0022126927778318333
SYSTEM,100,MET,sidechain,SYSTEM,48,TYR,sidechain,-0.01626090671935516
SYSTEM,100,MET,sidechain,SYSTEM,77,SER,sidechain,0.02246597044813734
SYSTEM,100,MET,sidechain,SYSTEM,83,PHE,sidechain,-0.3811611752393288
SYSTEM,85,ASP,sidechain,SYSTEM,100,MET,sidechain,0.001164025985277616
SYSTEM,101,ALA,sidechain,SYSTEM,61,MET,sidechain,0.00013076068161727188
SYSTEM,101,ALA,sidechain,SYSTEM,63,GLN,sidechain,-0.34278276838536026
SYSTEM,101,ALA,sidechain,SYSTEM,100,MET,sidechain,-0.4320639970151337
SYSTEM,102,ASN,sidechain,SYSTEM,32,THR,sidechain,0.0002285491723518867
SYSTEM,102,ASN,sidechain,SYSTEM,63,GLN,sidechain,0.0009765815097730714
SYSTEM,102,ASN,sidechain,SYSTEM,77,SER,sidechain,-0.0007440711145515328
SYSTEM,102,ASN,sidechain,SYSTEM,83,PHE,sidechain,5.50056938882117e-05
SYSTEM,102,ASN,sidechain,SYSTEM,84,GLU,sidechain,-0.00037043860980442593
SYSTEM,102,ASN,sidechain,SYSTEM,85,ASP,sidechain,-0.1818837269014408
SYSTEM,102,ASN,sidechain,SYSTEM,88,PHE,sidechain,-0.013402900940921905
SYSTEM,102,ASN,sidechain,SYSTEM,100,MET,sidechain,-0.011554003297979315
SYSTEM,101,ALA,sidechain,SYSTEM,102,ASN,sidechain,-0.4216168295726046
SYSTEM,103,ALA,sidechain,SYSTEM,63,GLN,sidechain,-0.0003141335674099155
SYSTEM,103,ALA,sidechain,SYSTEM,73,THR,sidechain,-0.0026189994651239948
SYSTEM,103,ALA,sidechain,SYSTEM,82,LYS,sidechain,-0.017105631954543718
SYSTEM,103,ALA,sidechain,SYSTEM,83,PHE,sidechain,0.007804909850632145
SYSTEM,103,ALA,sidechain,SYSTEM,85,ASP,sidechain,0.007257419330375893
SYSTEM,103,ALA,sidechain,SYSTEM,88,PHE,sidechain,-0.042209810685723666
SYSTEM,103,ALA,sidechain,SYSTEM,100,MET,sidechain,-0.027637147929400325
SYSTEM,103,ALA,sidechain,SYSTEM,101,ALA,sidechain,5.476724739734467e-05
SYSTEM,103,ALA,sidechain,SYSTEM,102,ASN,sidechain,-0.19221364139959768
SYSTEM,82,LYS,sidechain,SYSTEM,105,PRO,sidechain,-0.02866884951640691
SYSTEM,83,PHE,sidechain,SYSTEM,105,PRO,sidechain,0.00088577958700302
SYSTEM,84,GLU,sidechain,SYSTEM,105,PRO,sidechain,-0.0009417866731618906
SYSTEM,85,ASP,sidechain,SYSTEM,105,PRO,sidechain,-0.032982408695228095
SYSTEM,88,PHE,sidechain,SYSTEM,105,PRO,sidechain,-0.0031678641324753053
SYSTEM,102,ASN,sidechain,SYSTEM,105,PRO,sidechain,0.0008378565073251486
SYSTEM,106,ASN,sidechain,SYSTEM,81,GLU,sidechain,-0.007489647630687718
SYSTEM,106,ASN,sidechain,SYSTEM,82,LYS,sidechain,-0.06653462811098708
SYSTEM,106,ASN,sidechain,SYSTEM,84,GLU,sidechain,-0.026687574663341835
SYSTEM,106,ASN,sidechain,SYSTEM,85,ASP,sidechain,-0.07279817997333737
SYSTEM,106,ASN,sidechain,SYSTEM,88,PHE,sidechain,0.000519204806614589
SYSTEM,106,ASN,sidechain,SYSTEM,102,ASN,sidechain,-0.000935695525798407
SYSTEM,106,ASN,sidechain,SYSTEM,105,PRO,sidechain,-0.2698995532574026
SYSTEM,69,ARG,sidechain,SYSTEM,107,THR,sidechain,6.517800655993786e-05
SYSTEM,76,LYS,sidechain,SYSTEM,107,THR,sidechain,0.0005078294298627398
SYSTEM,77,SER,sidechain,SYSTEM,107,THR,sidechain,0.0014492342116908504
SYSTEM,81,GLU,sidechain,SYSTEM,107,THR,sidechain,-0.00016506915385430153
SYSTEM,82,LYS,sidechain,SYSTEM,107,THR,sidechain,-0.16238442820973217
SYSTEM,83,PHE,sidechain,SYSTEM,107,THR,sidechain,-0.04265315571407249
SYSTEM,85,ASP,sidechain,SYSTEM,107,THR,sidechain,-0.0015429921083517009
SYSTEM,88,PHE,sidechain,SYSTEM,107,THR,sidechain,-0.0004200822525805646
SYSTEM,100,MET,sidechain,SYSTEM,107,THR,sidechain,-0.05127344575601739
SYSTEM,102,ASN,sidechain,SYSTEM,107,THR,sidechain,-0.06801184129200645
SYSTEM,103,ALA,sidechain,SYSTEM,107,THR,sidechain,-0.36843720221213744
SYSTEM,105,PRO,sidechain,SYSTEM,107,THR,sidechain,0.025828399514029553
SYSTEM,106,ASN,sidechain,SYSTEM,107,THR,sidechain,-0.00048474467300868535
SYSTEM,108,ASN,sidechain,SYSTEM,31,LYS,sidechain,0.00043121791192582556
SYSTEM,108,ASN,sidechain,SYSTEM,32,THR,sidechain,-0.003524857429000405
SYSTEM,108,ASN,sidechain,SYSTEM,35,ASN,sidechain,-0.0005902800152867244
SYSTEM,69,ARG,sidechain,SYSTEM,108,ASN,sidechain,0.0007862264697963779
SYSTEM,108,ASN,sidechain,SYSTEM,76,LYS,sidechain,-0.00340449385769241
SYSTEM,108,ASN,sidechain,SYSTEM,77,SER,sidechain,-0.035991438022990534
SYSTEM,108,ASN,sidechain,SYSTEM,79,TYR,sidechain,-0.0010746709581885066
SYSTEM,108,ASN,sidechain,SYSTEM,81,GLU,sidechain,-0.001085423774176187
SYSTEM,108,ASN,sidechain,SYSTEM,82,LYS,sidechain,-0.15660331814320055
SYSTEM,108,ASN,sidechain,SYSTEM,83,PHE,sidechain,-0.07533092479864424
SYSTEM,108,ASN,sidechain,SYSTEM,84,GLU,sidechain,-0.0010049577270235335
SYSTEM,108,ASN,sidechain,SYSTEM,85,ASP,sidechain,-0.2734987041834471
SYSTEM,108,ASN,sidechain,SYSTEM,100,MET,sidechain,-0.038435668092114954
SYSTEM,101,ALA,sidechain,SYSTEM,108,ASN,sidechain,0.009802007736948939
SYSTEM,108,ASN,sidechain,SYSTEM,102,ASN,sidechain,-0.5337338128243632
SYSTEM,103,ALA,sidechain,SYSTEM,108,ASN,sidechain,0.0006918485511790265
SYSTEM,108,ASN,sidechain,SYSTEM,106,ASN,sidechain,0.00047232148113784256
SYSTEM,108,ASN,sidechain,SYSTEM,107,THR,sidechain,-0.0033636905558102137
SYSTEM,35,ASN,sidechain,SYSTEM,110,SER,sidechain,-0.07454467453453299
SYSTEM,39,LEU,sidechain,SYSTEM,110,SER,sidechain,-0.8146815510777445
SYSTEM,110,SER,sidechain,SYSTEM,48,TYR,sidechain,-0.44782677346042227
SYSTEM,67,PHE,sidechain,SYSTEM,110,SER,sidechain,-0.26987734216253284
SYSTEM,110,SER,sidechain,SYSTEM,77,SER,sidechain,0.013834528144929078
SYSTEM,100,MET,sidechain,SYSTEM,110,SER,sidechain,-0.018204777011206815
SYSTEM,102,ASN,sidechain,SYSTEM,110,SER,sidechain,-0.01114198392465037
SYSTEM,108,ASN,sidechain,SYSTEM,110,SER,sidechain,-0.00036559616411839806
SYSTEM,111,GLN,sidechain,SYSTEM,54,HIS,sidechain,-0.04646234906145504
SYSTEM,55,ARG,sidechain,SYSTEM,111,GLN,sidechain,-6.307139025106059e-05
SYSTEM,111,GLN,sidechain,SYSTEM,63,GLN,sidechain,-0.4315268696294158
SYSTEM,66,ASP,sidechain,SYSTEM,111,GLN,sidechain,-0.12863747176399537
SYSTEM,111,GLN,sidechain,SYSTEM,73,THR,sidechain,-0.0002804913006343327
SYSTEM,111,GLN,sidechain,SYSTEM,82,LYS,sidechain,0.00015638557287839266
SYSTEM,111,GLN,sidechain,SYSTEM,100,MET,sidechain,0.00023386677304705183
SYSTEM,101,ALA,sidechain,SYSTEM,111,GLN,sidechain,-0.024121929700677093
SYSTEM,102,ASN,sidechain,SYSTEM,111,GLN,sidechain,-0.06200921621320622
SYSTEM,103,ALA,sidechain,SYSTEM,111,GLN,sidechain,-0.08906052199812917
SYSTEM,111,GLN,sidechain,SYSTEM,107,THR,sidechain,-0.0005906838160771113
SYSTEM,111,GLN,sidechain,SYSTEM,110,SER,sidechain,-0.2560992823768552
SYSTEM,112,PHE,sidechain,SYSTEM,8,PHE,sidechain,-1.0082946148041365
SYSTEM,112,PHE,sidechain,SYSTEM,22,PHE,sidechain,-0.004080355158084994
SYSTEM,112,PHE,sidechain,SYSTEM,36,PHE,sidechain,-1.1529054814181128
SYSTEM,112,PHE,sidechain,SYSTEM,48,TYR,sidechain,-1.2193057616869292
SYSTEM,112,PHE,sidechain,SYSTEM,51,SER,sidechain,0.00018442430850732457
SYSTEM,112,PHE,sidechain,SYSTEM,53,PHE,sidechain,-1.0423634653905411
SYSTEM,98,LEU,sidechain,SYSTEM,112,PHE,sidechain,-0.8371225793666386
SYSTEM,54,HIS,sidechain,SYSTEM,113,PHE,sidechain,0.0018028659777684169
SYSTEM,55,ARG,sidechain,SYSTEM,113,PHE,sidechain,0.07958357972367393
SYSTEM,113,PHE,sidechain,SYSTEM,60,PHE,sidechain,-0.04167211038054904
SYSTEM,61,MET,sidechain,SYSTEM,113,PHE,sidechain,-0.8591560090607782
SYSTEM,63,GLN,sidechain,SYSTEM,113,PHE,sidechain,-0.32674070160610824
SYSTEM,92,HIS,sidechain,SYSTEM,113,PHE,sidechain,0.1430210447381739
SYSTEM,113,PHE,sidechain,SYSTEM,99,SER,sidechain,-0.22187559192183312
SYSTEM,101,ALA,sidechain,SYSTEM,113,PHE,sidechain,-0.5630007885937504
SYSTEM,102,ASN,sidechain,SYSTEM,113,PHE,sidechain,0.0006816081189132714
SYSTEM,111,GLN,sidechain,SYSTEM,113,PHE,sidechain,-0.0014715450894939792
SYSTEM,114,ILE,sidechain,SYSTEM,8,PHE,sidechain,-0.07354984391335544
SYSTEM,114,ILE,sidechain,SYSTEM,10,ILE,sidechain,-0.0024942298392792205
SYSTEM,114,ILE,sidechain,SYSTEM,20,VAL,sidechain,0.02021995480065341
SYSTEM,114,ILE,sidechain,SYSTEM,22,PHE,sidechain,-0.9012546002209841
SYSTEM,114,ILE,sidechain,SYSTEM,53,PHE,sidechain,-0.8288357784054228
SYSTEM,62,CYS,sidechain,SYSTEM,114,ILE,sidechain,-0.16339573334785296
SYSTEM,114,ILE,sidechain,SYSTEM,98,LEU,sidechain,-0.5210363653736871
SYSTEM,114,ILE,sidechain,SYSTEM,112,PHE,sidechain,-0.7244977855852076
SYSTEM,115,CYS,sidechain,SYSTEM,60,PHE,sidechain,-0.0011900966237117718
SYSTEM,115,CYS,sidechain,SYSTEM,61,MET,sidechain,-0.04251604341900908
SYSTEM,115,CYS,sidechain,SYSTEM,92,HIS,sidechain,-0.4352322666720672
SYSTEM,115,CYS,sidechain,SYSTEM,95,PRO,sidechain,0.0015746603359828343
SYSTEM,115,CYS,sidechain,SYSTEM,97,ILE,sidechain,-0.3080847720921665
SYSTEM,115,CYS,sidechain,SYSTEM,99,SER,sidechain,-0.04775849490758631
SYSTEM,115,CYS,sidechain,SYSTEM,113,PHE,sidechain,-0.7327307115395467
SYSTEM,62,CYS,sidechain,SYSTEM,116,THR,sidechain,-0.8268910487602045
SYSTEM,114,ILE,sidechain,SYSTEM,116,THR,sidechain,-0.17063784057443793
SYSTEM,117,ALA,sidechain,SYSTEM,60,PHE,sidechain,-0.002539501144931271
SYSTEM,117,ALA,sidechain,SYSTEM,95,PRO,sidechain,-0.05628770668830418
SYSTEM,117,ALA,sidechain,SYSTEM,115,CYS,sidechain,0.007559529687329144
SYSTEM,117,ALA,sidechain,SYSTEM,116,THR,sidechain,0.07649809058074589
SYSTEM,118,LYS,sidechain,SYSTEM,91,LYS,sidechain,-0.009321253903053857
SYSTEM,118,LYS,sidechain,SYSTEM,93,THR,sidechain,-0.012024431959256069
SYSTEM,118,LYS,sidechain,SYSTEM,95,PRO,sidechain,-0.005349113390995906
SYSTEM,117,ALA,sidechain,SYSTEM,118,LYS,sidechain,-0.1514037422739066
SYSTEM,60,PHE,sidechain,SYSTEM,119,THR,sidechain,-0.8131593582262243
SYSTEM,61,MET,sidechain,SYSTEM,119,THR,sidechain,-0.027420392815399538
SYSTEM,92,HIS,sidechain,SYSTEM,119,THR,sidechain,-0.5002235561664161
SYSTEM,97,ILE,sidechain,SYSTEM,119,THR,sidechain,0.005852824227733688
SYSTEM,113,PHE,sidechain,SYSTEM,119,THR,sidechain,0.16271460803316815
SYSTEM,115,CYS,sidechain,SYSTEM,119,THR,sidechain,-0.5982381122793395
SYSTEM,117,ALA,sidechain,SYSTEM,119,THR,sidechain,-0.16336278751544603
SYSTEM,120,GLU,sidechain,SYSTEM,91,LYS,sidechain,-0.010531969975073496
SYSTEM,120,GLU,sidechain,SYSTEM,93,THR,sidechain,-0.0011510209782378419
SYSTEM,120,GLU,sidechain,SYSTEM,118,LYS,sidechain,-1.132455988735943
SYSTEM,120,GLU,sidechain,SYSTEM,119,THR,sidechain,4.844914946880017e-05
SYSTEM,60,PHE,sidechain,SYSTEM,121,TRP,sidechain,-0.33313606636676396
SYSTEM,61,MET,sidechain,SYSTEM,121,TRP,sidechain,0.003831979010131333
SYSTEM,119,THR,sidechain,SYSTEM,121,TRP,sidechain,-0.1679506937230167
SYSTEM,120,GLU,sidechain,SYSTEM,121,TRP,sidechain,-0.012413968753114298
SYSTEM,122,LEU,sidechain,SYSTEM,60,PHE,sidechain,-0.8861988618687078
SYSTEM,122,LEU,sidechain,SYSTEM,61,MET,sidechain,-0.22447645043364384
SYSTEM,92,HIS,sidechain,SYSTEM,122,LEU,sidechain,-0.44459863749335515
SYSTEM,122,LEU,sidechain,SYSTEM,99,SER,sidechain,-0.02601754119327584
SYSTEM,122,LEU,sidechain,SYSTEM,113,PHE,sidechain,-1.1219360579798867
SYSTEM,115,CYS,sidechain,SYSTEM,122,LEU,sidechain,-0.2688812704479599
SYSTEM,122,LEU,sidechain,SYSTEM,119,THR,sidechain,-0.8327419077819371
SYSTEM,122,LEU,sidechain,SYSTEM,121,TRP,sidechain,0.21310902113926697
SYSTEM,123,ASP,sidechain,SYSTEM,91,LYS,sidechain,-0.9901377951845408
SYSTEM,123,ASP,sidechain,SYSTEM,92,HIS,sidechain,-1.6993982682226005
SYSTEM,123,ASP,sidechain,SYSTEM,93,THR,sidechain,0.0012824515124539157
SYSTEM,123,ASP,sidechain,SYSTEM,118,LYS,sidechain,-0.005673141299433388
SYSTEM,123,ASP,sidechain,SYSTEM,119,THR,sidechain,-0.0010197633294971077
SYSTEM,123,ASP,sidechain,SYSTEM,120,GLU,sidechain,-0.0043180595588433995
SYSTEM,85,ASP,sidechain,SYSTEM,125,LYS,sidechain,-0.0008038743273480669
SYSTEM,102,ASN,sidechain,SYSTEM,125,LYS,sidechain,-0.08016447077033581
SYSTEM,103,ALA,sidechain,SYSTEM,125,LYS,sidechain,-0.013779400327763
SYSTEM,125,LYS,sidechain,SYSTEM,105,PRO,sidechain,0.0010705548008302828
SYSTEM,106,ASN,sidechain,SYSTEM,125,LYS,sidechain,-0.0008581729976090041
SYSTEM,125,LYS,sidechain,SYSTEM,121,TRP,sidechain,-0.03691857473200911
SYSTEM,122,LEU,sidechain,SYSTEM,125,LYS,sidechain,-0.44673327393048295
SYSTEM,126,HIS,sidechain,SYSTEM,61,MET,sidechain,-0.004370433969663216
SYSTEM,85,ASP,sidechain,SYSTEM,126,HIS,sidechain,-0.0037850905153956208
SYSTEM,126,HIS,sidechain,SYSTEM,92,HIS,sidechain,0.014802610362088168
SYSTEM,126,HIS,sidechain,SYSTEM,99,SER,sidechain,-0.1377408324194687
SYSTEM,101,ALA,sidechain,SYSTEM,126,HIS,sidechain,0.704882954387785
SYSTEM,102,ASN,sidechain,SYSTEM,126,HIS,sidechain,-0.6796489432940239
SYSTEM,103,ALA,sidechain,SYSTEM,126,HIS,sidechain,-0.09919796117974983
SYSTEM,108,ASN,sidechain,SYSTEM,126,HIS,sidechain,-0.0002204497288037966
SYSTEM,126,HIS,sidechain,SYSTEM,113,PHE,sidechain,-0.7145265903131762
SYSTEM,126,HIS,sidechain,SYSTEM,121,TRP,sidechain,0.0004485595178651762
SYSTEM,126,HIS,sidechain,SYSTEM,122,LEU,sidechain,-0.27327931314005754
SYSTEM,126,HIS,sidechain,SYSTEM,125,LYS,sidechain,-0.16472381998605273
SYSTEM,127,VAL,sidechain,SYSTEM,29,VAL,sidechain,-0.493519645856952
SYSTEM,32,THR,sidechain,SYSTEM,127,VAL,sidechain,0.026232096213418488
SYSTEM,83,PHE,sidechain,SYSTEM,127,VAL,sidechain,-0.15159513931591195
SYSTEM,85,ASP,sidechain,SYSTEM,127,VAL,sidechain,-0.025672810066460664
SYSTEM,86,GLU,sidechain,SYSTEM,127,VAL,sidechain,0.0009028426744602063
SYSTEM,87,ASN,sidechain,SYSTEM,127,VAL,sidechain,0.0011439473032355905
SYSTEM,88,PHE,sidechain,SYSTEM,127,VAL,sidechain,-0.9787569162570736
SYSTEM,89,ILE,sidechain,SYSTEM,127,VAL,sidechain,-6.11154156012254e-05
SYSTEM,90,LEU,sidechain,SYSTEM,127,VAL,sidechain,-0.002412756207165542
SYSTEM,100,MET,sidechain,SYSTEM,127,VAL,sidechain,-0.023442490549235195
SYSTEM,102,ASN,sidechain,SYSTEM,127,VAL,sidechain,-0.025584543315502074
SYSTEM,103,ALA,sidechain,SYSTEM,127,VAL,sidechain,-0.0071541688867382235
SYSTEM,107,THR,sidechain,SYSTEM,127,VAL,sidechain,-0.0004992001540177352
SYSTEM,108,ASN,sidechain,SYSTEM,127,VAL,sidechain,0.0012945871679000667
SYSTEM,25,PHE,sidechain,SYSTEM,128,VAL,sidechain,-0.19962930059680095
SYSTEM,90,LEU,sidechain,SYSTEM,128,VAL,sidechain,-0.7115054488234169
SYSTEM,92,HIS,sidechain,SYSTEM,128,VAL,sidechain,-1.132984838605701
SYSTEM,97,ILE,sidechain,SYSTEM,128,VAL,sidechain,-1.124374049115595
SYSTEM,99,SER,sidechain,SYSTEM,128,VAL,sidechain,-0.48045973964947297
SYSTEM,123,ASP,sidechain,SYSTEM,128,VAL,sidechain,0.002756431223368728
SYSTEM,24,LEU,sidechain,SYSTEM,129,PHE,sidechain,-0.8804535112389318
SYSTEM,129,PHE,sidechain,SYSTEM,32,THR,sidechain,-1.3750706969404018
SYSTEM,33,ALA,sidechain,SYSTEM,129,PHE,sidechain,0.2746412236816608
SYSTEM,129,PHE,sidechain,SYSTEM,36,PHE,sidechain,-0.6168402832784838
SYSTEM,98,LEU,sidechain,SYSTEM,129,PHE,sidechain,-0.9401889712929812
SYSTEM,100,MET,sidechain,SYSTEM,129,PHE,sidechain,-0.9428427415424502
SYSTEM,129,PHE,sidechain,SYSTEM,127,VAL,sidechain,8.328637009585178e-05
SYSTEM,3,ASN,sidechain,SYSTEM,131,LYS,sidechain,0.0003628881720753459
SYSTEM,23,GLU,sidechain,SYSTEM,131,LYS,sidechain,-0.594853583349289
SYSTEM,131,LYS,sidechain,SYSTEM,25,PHE,sidechain,-0.49572183181169804
SYSTEM,90,LEU,sidechain,SYSTEM,131,LYS,sidechain,-0.0006301348859613591
SYSTEM,131,LYS,sidechain,SYSTEM,93,THR,sidechain,-0.02130191963836811
SYSTEM,131,LYS,sidechain,SYSTEM,95,PRO,sidechain,0.00022357444722692925
SYSTEM,97,ILE,sidechain,SYSTEM,131,LYS,sidechain,-0.562717609311541
SYSTEM,132,VAL,sidechain,SYSTEM,20,VAL,sidechain,-0.7992420704387776
SYSTEM,22,PHE,sidechain,SYSTEM,132,VAL,sidechain,-0.9996179134932
SYSTEM,98,LEU,sidechain,SYSTEM,132,VAL,sidechain,-0.01047366326088672
SYSTEM,114,ILE,sidechain,SYSTEM,132,VAL,sidechain,-0.1782009746971448
SYSTEM,131,LYS,sidechain,SYSTEM,132,VAL,sidechain,0.001868354631113363
SYSTEM,133,LYS,sidechain,SYSTEM,2,VAL,sidechain,0.001046920394325828
SYSTEM,3,ASN,sidechain,SYSTEM,133,LYS,sidechain,-0.0009294399074264816
SYSTEM,133,LYS,sidechain,SYSTEM,5,THR,sidechain,-0.4753206601744605
SYSTEM,133,LYS,sidechain,SYSTEM,21,SER,sidechain,-0.2661068522772351
SYSTEM,23,GLU,sidechain,SYSTEM,133,LYS,sidechain,-1.1715650175529235
SYSTEM,133,LYS,sidechain,SYSTEM,131,LYS,sidechain,-0.012337350946191426
SYSTEM,134,GLU,sidechain,SYSTEM,5,THR,sidechain,-0.00011862411008371816
SYSTEM,134,GLU,sidechain,SYSTEM,21,SER,sidechain,-0.055821664263396624
SYSTEM,134,GLU,sidechain,SYSTEM,133,LYS,sidechain,-0.02912173172520412
SYSTEM,136,MET,sidechain,SYSTEM,95,PRO,sidechain,-0.44397528144018306
SYSTEM,114,ILE,sidechain,SYSTEM,136,MET,sidechain,-0.05141343539590007
SYSTEM,136,MET,sidechain,SYSTEM,116,THR,sidechain,-0.10443081112799944
SYSTEM,131,LYS,sidechain,SYSTEM,136,MET,sidechain,0.012311589810159895
SYSTEM,136,MET,sidechain,SYSTEM,132,VAL,sidechain,-0.8059754705309615
SYSTEM,134,GLU,sidechain,SYSTEM,136,MET,sidechain,-0.0009361019639017341
SYSTEM,137,ASN,sidechain,SYSTEM,134,GLU,sidechain,0.003257903468596947
SYSTEM,137,ASN,sidechain,SYSTEM,136,MET,sidechain,-0.0003188742802931474
SYSTEM,138,ILE,sidechain,SYSTEM,10,ILE,sidechain,-0.45202423238402956
SYSTEM,138,ILE,sidechain,SYSTEM,17,LEU,sidechain,-0.7530973958934041
SYSTEM,138,ILE,sidechain,SYSTEM,20,VAL,sidechain,-0.4082594114512979
SYSTEM,137,ASN,sidechain,SYSTEM,138,ILE,sidechain,-0.378832131233806
SYSTEM,10,ILE,sidechain,SYSTEM,139,VAL,sidechain,-0.00010460513373176296
SYSTEM,139,VAL,sidechain,SYSTEM,20,VAL,sidechain,-0.7969744609437184
SYSTEM,22,PHE,sidechain,SYSTEM,139,VAL,sidechain,0.0005325632998822154
SYSTEM,62,CYS,sidechain,SYSTEM,139,VAL,sidechain,-0.283787954583779
SYSTEM,95,PRO,sidechain,SYSTEM,139,VAL,sidechain,-0.000397338316990779
SYSTEM,114,ILE,sidechain,SYSTEM,139,VAL,sidechain,-1.0957235009423443
SYSTEM,116,THR,sidechain,SYSTEM,139,VAL,sidechain,-1.5221464908593423
SYSTEM,139,VAL,sidechain,SYSTEM,132,VAL,sidechain,-0.7567404077737708
SYSTEM,136,MET,sidechain,SYSTEM,139,VAL,sidechain,-0.8962979213596061
SYSTEM,138,ILE,sidechain,SYSTEM,139,VAL,sidechain,0.0002999348076549801
SYSTEM,140,GLU,sidechain,SYSTEM,95,PRO,sidechain,0.000731409772054537
SYSTEM,140,GLU,sidechain,SYSTEM,116,THR,sidechain,6.23098084262082e-05
SYSTEM,140,GLU,sidechain,SYSTEM,136,MET,sidechain,-0.018885276572951873
SYSTEM,137,ASN,sidechain,SYSTEM,140,GLU,sidechain,-0.25856211091121695
SYSTEM,141,ALA,sidechain,SYSTEM,17,LEU,sidechain,-0.8788445149618132
SYSTEM,141,ALA,sidechain,SYSTEM,138,ILE,sidechain,-0.06747668799381334
SYSTEM,141,ALA,sidechain,SYSTEM,140,GLU,sidechain,-0.4988665819288111
SYSTEM,142,MET,sidechain,SYSTEM,8,PHE,sidechain,0.00020965942731508605
SYSTEM,10,ILE,sidechain,SYSTEM,142,MET,sidechain,-0.7103530220142179
SYSTEM,17,LEU,sidechain,SYSTEM,142,MET,sidechain,-0.0011908912763267487
SYSTEM,142,MET,sidechain,SYSTEM,20,VAL,sidechain,-0.022131603381542544
SYSTEM,142,MET,sidechain,SYSTEM,53,PHE,sidechain,-0.8292173025921428
SYSTEM,56,ILE,sidechain,SYSTEM,142,MET,sidechain,-0.13442966996916114
SYSTEM,62,CYS,sidechain,SYSTEM,142,MET,sidechain,-0.8075631135268942
SYSTEM,114,ILE,sidechain,SYSTEM,142,MET,sidechain,-0.478808575625623
SYSTEM,142,MET,sidechain,SYSTEM,116,THR,sidechain,-0.00027782231063156815
SYSTEM,138,ILE,sidechain,SYSTEM,142,MET,sidechain,-0.25865696531187343
SYSTEM,142,MET,sidechain,SYSTEM,139,VAL,sidechain,-0.5506062205993923
SYSTEM,141,ALA,sidechain,SYSTEM,142,MET,sidechain,-0.030154767480644433
SYSTEM,143,GLU,sidechain,SYSTEM,58,PRO,sidechain,-0.37366066111687135
SYSTEM,62,CYS,sidechain,SYSTEM,143,GLU,sidechain,-0.002120166417810467
SYSTEM,143,GLU,sidechain,SYSTEM,116,THR,sidechain,-1.2179213848372514
SYSTEM,117,ALA,sidechain,SYSTEM,143,GLU,sidechain,0.0025543275770250258
SYSTEM,143,GLU,sidechain,SYSTEM,136,MET,sidechain,0.00016144138354283352
SYSTEM,143,GLU,sidechain,SYSTEM,139,VAL,sidechain,-0.0007251451437647169
SYSTEM,143,GLU,sidechain,SYSTEM,140,GLU,sidechain,-0.011969600776936134
SYSTEM,144,ARG,sidechain,SYSTEM,15,GLU,sidechain,-0.0027381396377003276
SYSTEM,144,ARG,sidechain,SYSTEM,17,LEU,sidechain,0.0035966572856026276
SYSTEM,144,ARG,sidechain,SYSTEM,58,PRO,sidechain,0.00016731962391345592
SYSTEM,144,ARG,sidechain,SYSTEM,137,ASN,sidechain,-0.0008121224996688721
SYSTEM,144,ARG,sidechain,SYSTEM,140,GLU,sidechain,-0.24990362270425734
SYSTEM,141,ALA,sidechain,SYSTEM,144,ARG,sidechain,-0.045978786186087174
SYSTEM,144,ARG,sidechain,SYSTEM,143,GLU,sidechain,-0.018635519526221535
SYSTEM,145,PHE,sidechain,SYSTEM,12,VAL,sidechain,-1.1492905141106555
SYSTEM,13,ASP,sidechain,SYSTEM,145,PHE,sidechain,0.0019841445135427163
SYSTEM,17,LEU,sidechain,SYSTEM,145,PHE,sidechain,-0.7461644090894892
SYSTEM,141,ALA,sidechain,SYSTEM,145,PHE,sidechain,-0.10714044210247019
SYSTEM,144,ARG,sidechain,SYSTEM,145,PHE,sidechain,-0.041609650648959155
SYSTEM,55,ARG,sidechain,SYSTEM,147,SER,sidechain,-0.006450864461275724
SYSTEM,148,ARG,sidechain,SYSTEM,55,ARG,sidechain,-0.00039281533076451135
SYSTEM,148,ARG,sidechain,SYSTEM,57,ILE,sidechain,-0.10001949296536651
SYSTEM,148,ARG,sidechain,SYSTEM,58,PRO,sidechain,-0.12687973977558753
SYSTEM,148,ARG,sidechain,SYSTEM,60,PHE,sidechain,-0.014245845741926359
SYSTEM,148,ARG,sidechain,SYSTEM,63,GLN,sidechain,-0.00040019287929668294
SYSTEM,148,ARG,sidechain,SYSTEM,143,GLU,sidechain,-0.00012896413152868098
SYSTEM,148,ARG,sidechain,SYSTEM,144,ARG,sidechain,-0.0002113850740762381
SYSTEM,148,ARG,sidechain,SYSTEM,147,SER,sidechain,-0.001579099006347961
SYSTEM,55,ARG,sidechain,SYSTEM,149,ASN,sidechain,-0.0023241085833037175
SYSTEM,149,ASN,sidechain,SYSTEM,147,SER,sidechain,-0.35158925815394704
SYSTEM,148,ARG,sidechain,SYSTEM,149,ASN,sidechain,-0.036967031114811935
SYSTEM,52,CYS,sidechain,SYSTEM,151,LYS,sidechain,0.0011715198253894543
SYSTEM,54,HIS,sidechain,SYSTEM,151,LYS,sidechain,0.0011251862128297766
SYSTEM,55,ARG,sidechain,SYSTEM,151,LYS,sidechain,-0.0068146220141357475
SYSTEM,71,ASN,sidechain,SYSTEM,151,LYS,sidechain,-0.03651638992584788
SYSTEM,151,LYS,sidechain,SYSTEM,73,THR,sidechain,0.0006380083856287298
SYSTEM,151,LYS,sidechain,SYSTEM,147,SER,sidechain,-0.026295600693438437
SYSTEM,149,ASN,sidechain,SYSTEM,151,LYS,sidechain,-0.1419652256543388
SYSTEM,52,CYS,sidechain,SYSTEM,152,THR,sidechain,0.01680004818794819
SYSTEM,54,HIS,sidechain,SYSTEM,152,THR,sidechain,-0.013730918074940349
SYSTEM,55,ARG,sidechain,SYSTEM,152,THR,sidechain,-0.006833349917452414
SYSTEM,56,ILE,sidechain,SYSTEM,152,THR,sidechain,-0.48712419525819733
SYSTEM,57,ILE,sidechain,SYSTEM,152,THR,sidechain,0.00046074000390974076
SYSTEM,70,HIS,sidechain,SYSTEM,152,THR,sidechain,0.0014415977599022986
SYSTEM,145,PHE,sidechain,SYSTEM,152,THR,sidechain,-0.0001967951551183954
SYSTEM,147,SER,sidechain,SYSTEM,152,THR,sidechain,0.06349230408817381
SYSTEM,151,LYS,sidechain,SYSTEM,152,THR,sidechain,-0.004568515302656176
SYSTEM,145,PHE,sidechain,SYSTEM,153,SER,sidechain,-0.051159233222348055
SYSTEM,153,SER,sidechain,SYSTEM,147,SER,sidechain,-0.00047363824286422766
SYSTEM,151,LYS,sidechain,SYSTEM,153,SER,sidechain,-0.04712808713620225
SYSTEM,153,SER,sidechain,SYSTEM,152,THR,sidechain,0.0038851644940577543
SYSTEM,154,LYS,sidechain,SYSTEM,12,VAL,sidechain,-0.6401597054200256
SYSTEM,13,ASP,sidechain,SYSTEM,154,LYS,sidechain,-0.790466027332239
SYSTEM,15,GLU,sidechain,SYSTEM,154,LYS,sidechain,-0.009038451003965798
SYSTEM,144,ARG,sidechain,SYSTEM,154,LYS,sidechain,0.0001447968013755806
SYSTEM,154,LYS,sidechain,SYSTEM,145,PHE,sidechain,-0.5789160209044546
SYSTEM,154,LYS,sidechain,SYSTEM,147,SER,sidechain,0.0002021237418844507
SYSTEM,154,LYS,sidechain,SYSTEM,152,THR,sidechain,-0.00139565037918853
SYSTEM,154,LYS,sidechain,SYSTEM,153,SER,sidechain,-0.0885455264420538
SYSTEM,13,ASP,sidechain,SYSTEM,155,LYS,sidechain,-0.3604299071394689
SYSTEM,52,CYS,sidechain,SYSTEM,155,LYS,sidechain,-0.36602920432901614
SYSTEM,54,HIS,sidechain,SYSTEM,155,LYS,sidechain,0.0007702890750054237
SYSTEM,70,HIS,sidechain,SYSTEM,155,LYS,sidechain,-0.0025265040871623036
SYSTEM,155,LYS,sidechain,SYSTEM,151,LYS,sidechain,-0.0007223856973124074
SYSTEM,155,LYS,sidechain,SYSTEM,152,THR,sidechain,-0.007927700237079815
SYSTEM,155,LYS,sidechain,SYSTEM,153,SER,sidechain,0.0004458010166913241
SYSTEM,156,ILE,sidechain,SYSTEM,10,ILE,sidechain,-0.8598991669965657
SYSTEM,11,ALA,sidechain,SYSTEM,156,ILE,sidechain,0.003347726425269505
SYSTEM,156,ILE,sidechain,SYSTEM,12,VAL,sidechain,-0.5758319632924784
SYSTEM,156,ILE,sidechain,SYSTEM,17,LEU,sidechain,-0.20003313265080758
SYSTEM,52,CYS,sidechain,SYSTEM,156,ILE,sidechain,-0.05664244262440191
SYSTEM,156,ILE,sidechain,SYSTEM,53,PHE,sidechain,-0.24087641231685908
SYSTEM,156,ILE,sidechain,SYSTEM,56,ILE,sidechain,-0.38284220373652017
SYSTEM,156,ILE,sidechain,SYSTEM,142,MET,sidechain,-0.6014020585225426
SYSTEM,156,ILE,sidechain,SYSTEM,145,PHE,sidechain,-0.5058803326821515
SYSTEM,156,ILE,sidechain,SYSTEM,152,THR,sidechain,-0.6915885527896417
SYSTEM,156,ILE,sidechain,SYSTEM,154,LYS,sidechain,-0.00820013371619073
SYSTEM,11,ALA,sidechain,SYSTEM,157,THR,sidechain,-0.22963516070246026
SYSTEM,13,ASP,sidechain,SYSTEM,157,THR,sidechain,-0.009549622307647835
SYSTEM,52,CYS,sidechain,SYSTEM,157,THR,sidechain,-0.06702502714991049
SYSTEM,155,LYS,sidechain,SYSTEM,157,THR,sidechain,-0.17748117771792365
SYSTEM,158,ILE,sidechain,SYSTEM,8,PHE,sidechain,-0.8258639726281672
SYSTEM,158,ILE,sidechain,SYSTEM,10,ILE,sidechain,-0.07762288026949885
SYSTEM,158,ILE,sidechain,SYSTEM,48,TYR,sidechain,-0.0007576910289493832
SYSTEM,158,ILE,sidechain,SYSTEM,51,SER,sidechain,-0.0911879449050974
SYSTEM,158,ILE,sidechain,SYSTEM,53,PHE,sidechain,-0.9315109135923567
SYSTEM,158,ILE,sidechain,SYSTEM,112,PHE,sidechain,-0.22770721175438993
SYSTEM,159,ALA,sidechain,SYSTEM,9,ASP,sidechain,-0.07450820291396248
SYSTEM,159,ALA,sidechain,SYSTEM,11,ALA,sidechain,-0.01848328963329608
SYSTEM,159,ALA,sidechain,SYSTEM,16,PRO,sidechain,2.0752068270336498e-05
SYSTEM,159,ALA,sidechain,SYSTEM,49,LYS,sidechain,-0.0003275813443677409
SYSTEM,159,ALA,sidechain,SYSTEM,157,THR,sidechain,0.0036029352813021285
SYSTEM,159,ALA,sidechain,SYSTEM,158,ILE,sidechain,0.1332088243253492
SYSTEM,160,ASP,sidechain,SYSTEM,7,PHE,sidechain,-0.04839865565597713
SYSTEM,160,ASP,sidechain,SYSTEM,9,ASP,sidechain,-0.43457381848476595
SYSTEM,19,ARG,sidechain,SYSTEM,160,ASP,sidechain,0.00635385873925674
SYSTEM,160,ASP,sidechain,SYSTEM,46,PHE,sidechain,-0.0006272139606418667
SYSTEM,160,ASP,sidechain,SYSTEM,49,LYS,sidechain,-1.2828552427633733
SYSTEM,159,ALA,sidechain,SYSTEM,160,ASP,sidechain,0.03070175922992123
SYSTEM,161,CYS,sidechain,SYSTEM,6,VAL,sidechain,0.0026051836771207614
SYSTEM,161,CYS,sidechain,SYSTEM,7,PHE,sidechain,0.03211188733160913
SYSTEM,161,CYS,sidechain,SYSTEM,8,PHE,sidechain,-0.430038833359422
SYSTEM,161,CYS,sidechain,SYSTEM,40,SER,sidechain,-0.291263494180975
SYSTEM,161,CYS,sidechain,SYSTEM,46,PHE,sidechain,-0.006517819740198233
SYSTEM,161,CYS,sidechain,SYSTEM,49,LYS,sidechain,-0.18839563817887398
SYSTEM,161,CYS,sidechain,SYSTEM,158,ILE,sidechain,-0.7144371921514774
SYSTEM,160,ASP,sidechain,SYSTEM,161,CYS,sidechain,-0.029377280869386294
SYSTEM,163,GLN,sidechain,SYSTEM,2,VAL,sidechain,0.0002892220413291847
SYSTEM,163,GLN,sidechain,SYSTEM,4,PRO,sidechain,-0.10697586882857607
SYSTEM,163,GLN,sidechain,SYSTEM,6,VAL,sidechain,-0.04882872016722714
SYSTEM,37,ARG,sidechain,SYSTEM,163,GLN,sidechain,-1.9360212120892746
SYSTEM,163,GLN,sidechain,SYSTEM,40,SER,sidechain,-0.00015724585070595756
SYSTEM,163,GLN,sidechain,SYSTEM,41,THR,sidechain,-0.41225389902759996
SYSTEM,163,GLN,sidechain,SYSTEM,43,GLU,sidechain,0.01231912769131608
SYSTEM,164,LEU,sidechain,SYSTEM,5,THR,sidechain,-0.8775472642858974
SYSTEM,164,LEU,sidechain,SYSTEM,7,PHE,sidechain,-0.7736938787060422
SYSTEM,19,ARG,sidechain,SYSTEM,164,LEU,sidechain,-0.012825387160546825
SYSTEM,164,LEU,sidechain,SYSTEM,21,SER,sidechain,-0.17976210231618997
SYSTEM,164,LEU,sidechain,SYSTEM,133,LYS,sidechain,0.013227871381914938
SYSTEM,134,GLU,sidechain,SYSTEM,164,LEU,sidechain,-0.0002903854930317485
