A,6,THR,residue,A,9,GLN,residue,42.30769230769231
A,7,PHE,residue,A,36,GLU,residue,92.3076923076923
A,7,PHE,residue,A,36,GLU,residue,92.3076923076923
A,8,LYS,residue,A,6,THR,residue,42.30769230769231
A,8,LYS,residue,A,104,ASP,residue,34.61538461538461
A,8,LYS,residue,A,104,ASP,residue,34.61538461538461
A,9,GLN,residue,A,6,THR,residue,92.3076923076923
A,10,ARG,residue,A,6,THR,residue,100.0
A,10,ARG,residue,A,7,PHE,residue,50.0
A,10,ARG,residue,A,6,THR,residue,3.8461538461538463
A,11,ARG,residue,A,7,PHE,residue,92.3076923076923
A,11,ARG,residue,A,19,ASP,residue,19.230769230769234
A,11,ARG,residue,A,19,ASP,residue,19.230769230769234
A,11,ARG,residue,A,19,ASP,residue,19.230769230769234
A,11,ARG,residue,A,19,ASP,residue,23.076923076923077
A,12,THR,residue,A,15,GLN,residue,23.076923076923077
A,15,GLN,residue,A,12,THR,residue,88.46153846153845
A,16,ARG,residue,A,12,THR,residue,92.3076923076923
A,16,ARG,residue,A,106,ASP,residue,65.38461538461539
A,16,ARG,residue,A,11,ARG,residue,96.15384615384616
A,16,ARG,residue,A,106,ASP,residue,65.38461538461539
A,17,VAL,residue,A,13,PHE,residue,100.0
A,18,GLU,residue,A,15,GLN,residue,61.53846153846154
A,19,ASP,residue,A,15,GLN,residue,92.3076923076923
A,20,VAL,residue,A,16,ARG,residue,96.15384615384616
A,21,ARG,residue,A,17,VAL,residue,80.76923076923077
A,21,ARG,residue,A,18,GLU,residue,57.692307692307686
A,21,ARG,residue,A,18,GLU,residue,11.538461538461538
A,22,LEU,residue,A,18,GLU,residue,100.0
A,22,LEU,residue,A,19,ASP,residue,38.46153846153847
A,23,ILE,residue,A,19,ASP,residue,100.0
A,24,ARG,residue,A,20,VAL,residue,76.92307692307693
A,25,GLU,residue,A,21,ARG,residue,76.92307692307693
A,25,GLU,residue,A,22,LEU,residue,84.61538461538461
A,26,GLN,residue,A,22,LEU,residue,69.23076923076923
A,27,HIS,residue,A,22,LEU,residue,3.8461538461538463
A,27,HIS,residue,A,23,ILE,residue,96.15384615384616
A,30,LYS,residue,A,27,HIS,residue,96.15384615384616
A,31,ILE,residue,A,54,VAL,residue,100.0
A,33,VAL,residue,A,52,PHE,residue,100.0
A,34,ILE,residue,A,109,LEU,residue,100.0
A,35,ILE,residue,A,50,THR,residue,100.0
A,36,GLU,residue,A,111,MET,residue,100.0
A,37,ARG,residue,A,44,LEU,residue,100.0
A,37,ARG,residue,A,4,GLU,residue,11.538461538461538
A,38,TYR,residue,A,113,TYR,residue,100.0
A,41,GLU,residue,A,38,TYR,residue,96.15384615384616
A,42,LYS,residue,A,41,GLU,residue,42.30769230769231
A,43,GLN,residue,A,41,GLU,residue,73.07692307692307
A,43,GLN,residue,A,117,GLU,residue,7.6923076923076925
A,44,LEU,residue,A,41,GLU,residue,73.07692307692307
A,47,LEU,residue,A,113,TYR,residue,42.30769230769231
A,48,ASP,residue,A,48,ASP,residue,42.30769230769231
A,49,LYS,residue,A,48,ASP,residue,19.230769230769234
A,50,THR,residue,A,35,ILE,residue,11.538461538461538
A,51,LYS,residue,A,19,ASP,residue,30.76923076923077
A,52,PHE,residue,A,33,VAL,residue,100.0
A,54,VAL,residue,A,31,ILE,residue,100.0
A,56,ASP,residue,A,29,THR,residue,38.46153846153847
A,57,HIS,residue,A,57,HIS,residue,96.15384615384616
A,58,VAL,residue,A,55,PRO,residue,100.0
A,59,ASN,residue,A,93,THR,residue,3.8461538461538463
A,60,MET,residue,A,93,THR,residue,100.0
A,61,SER,residue,A,91,VAL,residue,92.3076923076923
A,62,GLU,residue,A,59,ASN,residue,73.07692307692307
A,63,LEU,residue,A,59,ASN,residue,100.0
A,64,ILE,residue,A,60,MET,residue,100.0
A,64,ILE,residue,A,61,SER,residue,38.46153846153847
A,65,LYS,residue,A,61,SER,residue,53.84615384615385
A,65,LYS,residue,A,62,GLU,residue,96.15384615384616
A,65,LYS,residue,A,62,GLU,residue,3.8461538461538463
A,66,ILE,residue,A,62,GLU,residue,96.15384615384616
A,67,ILE,residue,A,63,LEU,residue,100.0
A,68,ARG,residue,A,64,ILE,residue,96.15384615384616
A,68,ARG,residue,A,65,LYS,residue,19.230769230769234
A,69,ARG,residue,A,65,LYS,residue,92.3076923076923
A,69,ARG,residue,A,66,ILE,residue,57.692307692307686
A,70,ARG,residue,A,66,ILE,residue,96.15384615384616
A,71,LEU,residue,A,67,ILE,residue,100.0
A,71,LEU,residue,A,68,ARG,residue,57.692307692307686
A,72,GLN,residue,A,69,ARG,residue,92.3076923076923
A,73,LEU,residue,A,68,ARG,residue,100.0
A,74,ASN,residue,A,77,GLN,residue,69.23076923076923
A,77,GLN,residue,A,74,ASN,residue,96.15384615384616
A,77,GLN,residue,A,75,ALA,residue,11.538461538461538
A,78,ALA,residue,A,116,GLN,residue,3.8461538461538463
A,80,PHE,residue,A,114,ALA,residue,100.0
A,82,LEU,residue,A,112,VAL,residue,100.0
A,83,VAL,residue,A,87,SER,residue,100.0
A,84,ASN,residue,A,110,TYR,residue,100.0
A,84,ASN,residue,A,102,GLU,residue,3.8461538461538463
A,85,GLY,residue,A,82,LEU,residue,96.15384615384616
A,86,HIS,residue,A,83,VAL,residue,96.15384615384616
A,87,SER,residue,A,83,VAL,residue,100.0
A,93,THR,residue,A,90,SER,residue,84.61538461538461
A,95,ILE,residue,A,58,VAL,residue,100.0
A,96,SER,residue,A,56,ASP,residue,80.76923076923077
A,96,SER,residue,A,97,GLU,residue,3.8461538461538463
A,97,GLU,residue,A,94,PRO,residue,84.61538461538461
A,98,VAL,residue,A,94,PRO,residue,100.0
A,99,TYR,residue,A,95,ILE,residue,100.0
A,99,TYR,residue,A,107,GLY,residue,100.0
A,100,GLU,residue,A,96,SER,residue,80.76923076923077
A,100,GLU,residue,A,97,GLU,residue,53.84615384615385
A,101,SER,residue,A,97,GLU,residue,84.61538461538461
A,101,SER,residue,A,98,VAL,residue,76.92307692307693
A,101,SER,residue,A,97,GLU,residue,15.384615384615385
A,102,GLU,residue,A,98,VAL,residue,100.0
A,103,LYS,residue,A,100,GLU,residue,19.230769230769234
A,103,LYS,residue,A,101,SER,residue,15.384615384615385
A,105,GLU,residue,A,104,ASP,residue,80.76923076923077
A,105,GLU,residue,A,104,ASP,residue,57.692307692307686
A,106,ASP,residue,A,106,ASP,residue,30.76923076923077
A,106,ASP,residue,A,106,ASP,residue,23.076923076923077
A,107,GLY,residue,A,106,ASP,residue,11.538461538461538
A,108,PHE,residue,A,106,ASP,residue,19.230769230769234
A,109,LEU,residue,A,32,PRO,residue,100.0
A,110,TYR,residue,A,106,ASP,residue,42.30769230769231
A,110,TYR,residue,A,106,ASP,residue,61.53846153846154
A,111,MET,residue,A,34,ILE,residue,100.0
A,112,VAL,residue,A,82,LEU,residue,100.0
A,113,TYR,residue,A,36,GLU,residue,100.0
A,113,TYR,residue,A,45,PRO,residue,100.0
A,114,ALA,residue,A,80,PHE,residue,100.0
A,115,SER,residue,A,41,GLU,residue,84.61538461538461
A,115,SER,residue,A,118,THR,residue,42.30769230769231
A,115,SER,residue,A,41,GLU,residue,26.923076923076923
A,115,SER,residue,A,41,GLU,residue,23.076923076923077
A,116,GLN,residue,A,78,ALA,residue,3.8461538461538463
A,118,THR,residue,A,115,SER,residue,26.923076923076923
A,118,THR,residue,A,41,GLU,residue,100.0
A,119,PHE,residue,A,115,SER,residue,100.0
A,120,GLY,residue,A,116,GLN,residue,61.53846153846154
A,120,GLY,residue,A,117,GLU,residue,53.84615384615385
A,121,MET,residue,A,117,GLU,residue,15.384615384615385
A,121,MET,residue,A,118,THR,residue,34.61538461538461
A,122,LYS,residue,A,119,PHE,residue,19.230769230769234
A,123,LEU,residue,A,119,PHE,residue,23.076923076923077
A,123,LEU,residue,A,120,GLY,residue,15.384615384615385
A,124,SER,residue,A,120,GLY,residue,15.384615384615385
A,124,SER,residue,A,121,MET,residue,19.230769230769234
A,1,MET,residue,A,2,PRO,residue,3.8461538461538463
A,8,LYS,residue,A,106,ASP,residue,3.8461538461538463
A,8,LYS,residue,A,106,ASP,residue,3.8461538461538463
A,8,LYS,residue,A,110,TYR,residue,3.8461538461538463
A,9,GLN,residue,A,6,THR,residue,73.07692307692307
A,9,GLN,residue,A,6,THR,residue,7.6923076923076925
A,12,THR,residue,A,15,GLN,residue,26.923076923076923
A,12,THR,residue,A,14,GLU,residue,3.8461538461538463
A,12,THR,residue,A,14,GLU,residue,3.8461538461538463
A,14,GLU,residue,A,14,GLU,residue,3.8461538461538463
A,14,GLU,residue,A,14,GLU,residue,3.8461538461538463
A,15,GLN,residue,A,12,THR,residue,34.61538461538461
A,16,ARG,residue,A,13,PHE,residue,50.0
A,16,ARG,residue,A,106,ASP,residue,61.53846153846154
A,16,ARG,residue,A,106,ASP,residue,53.84615384615385
A,18,GLU,residue,A,14,GLU,residue,69.23076923076923
A,19,ASP,residue,A,19,ASP,residue,3.8461538461538463
A,39,LYS,residue,A,4,GLU,residue,3.8461538461538463
A,43,GLN,residue,A,117,GLU,residue,15.384615384615385
A,56,ASP,residue,A,56,ASP,residue,23.076923076923077
A,59,ASN,residue,A,61,SER,residue,3.8461538461538463
A,63,LEU,residue,A,60,MET,residue,30.76923076923077
A,65,LYS,residue,A,62,GLU,residue,7.6923076923076925
A,65,LYS,residue,A,62,GLU,residue,7.6923076923076925
A,68,ARG,residue,A,77,GLN,residue,7.6923076923076925
A,76,ASN,residue,A,74,ASN,residue,23.076923076923077
A,76,ASN,residue,A,74,ASN,residue,15.384615384615385
A,84,ASN,residue,A,102,GLU,residue,80.76923076923077
A,93,THR,residue,A,90,SER,residue,65.38461538461539
A,103,LYS,residue,A,99,TYR,residue,61.53846153846154
A,104,ASP,residue,A,108,PHE,residue,96.15384615384616
A,107,GLY,residue,A,104,ASP,residue,76.92307692307693
A,115,SER,residue,A,41,GLU,residue,30.76923076923077
A,115,SER,residue,A,43,GLN,residue,7.6923076923076925
A,117,GLU,residue,A,115,SER,residue,80.76923076923077
A,118,THR,residue,A,41,GLU,residue,80.76923076923077
A,122,LYS,residue,A,118,THR,residue,7.6923076923076925
A,8,LYS,residue,A,106,ASP,residue,19.230769230769234
A,8,LYS,residue,A,110,TYR,residue,7.6923076923076925
A,8,LYS,residue,A,104,ASP,residue,38.46153846153847
A,10,ARG,residue,A,5,LYS,residue,15.384615384615385
A,11,ARG,residue,A,8,LYS,residue,61.53846153846154
A,15,GLN,residue,A,12,THR,residue,19.230769230769234
A,19,ASP,residue,A,16,ARG,residue,50.0
A,24,ARG,residue,A,20,VAL,residue,7.6923076923076925
A,26,GLN,residue,A,23,ILE,residue,53.84615384615385
A,27,HIS,residue,A,26,GLN,residue,7.6923076923076925
A,35,ILE,residue,A,50,THR,residue,3.8461538461538463
A,37,ARG,residue,A,4,GLU,residue,3.8461538461538463
A,39,LYS,residue,A,4,GLU,residue,15.384615384615385
A,39,LYS,residue,A,4,GLU,residue,23.076923076923077
A,40,GLY,residue,A,4,GLU,residue,7.6923076923076925
A,40,GLY,residue,A,4,GLU,residue,11.538461538461538
A,41,GLU,residue,A,4,GLU,residue,3.8461538461538463
A,42,LYS,residue,A,40,GLY,residue,3.8461538461538463
A,43,GLN,residue,A,41,GLU,residue,3.8461538461538463
A,44,LEU,residue,A,41,GLU,residue,3.8461538461538463
A,48,ASP,residue,A,48,ASP,residue,42.30769230769231
A,51,LYS,residue,A,19,ASP,residue,23.076923076923077
A,51,LYS,residue,A,19,ASP,residue,23.076923076923077
A,56,ASP,residue,A,56,ASP,residue,34.61538461538461
A,59,ASN,residue,A,62,GLU,residue,46.15384615384615
A,59,ASN,residue,A,62,GLU,residue,42.30769230769231
A,66,ILE,residue,A,63,LEU,residue,76.92307692307693
A,68,ARG,residue,A,73,LEU,residue,11.538461538461538
A,70,ARG,residue,A,48,ASP,residue,53.84615384615385
A,70,ARG,residue,A,48,ASP,residue,65.38461538461539
A,70,ARG,residue,A,48,ASP,residue,73.07692307692307
A,70,ARG,residue,A,48,ASP,residue,73.07692307692307
A,72,GLN,residue,A,68,ARG,residue,19.230769230769234
A,76,ASN,residue,A,76,ASN,residue,23.076923076923077
A,87,SER,residue,A,102,GLU,residue,69.23076923076923
A,89,VAL,residue,A,87,SER,residue,19.230769230769234
A,92,SER,residue,A,90,SER,residue,76.92307692307693
A,96,SER,residue,A,97,GLU,residue,3.8461538461538463
A,99,TYR,residue,A,96,SER,residue,19.230769230769234
A,102,GLU,residue,A,101,SER,residue,3.8461538461538463
A,103,LYS,residue,A,99,TYR,residue,11.538461538461538
A,115,SER,residue,A,117,GLU,residue,11.538461538461538
A,116,GLN,residue,A,78,ALA,residue,34.61538461538461
A,117,GLU,residue,A,117,GLU,residue,7.6923076923076925
A,118,THR,residue,A,115,SER,residue,69.23076923076923
A,122,LYS,residue,A,38,TYR,residue,3.8461538461538463
A,125,VAL,residue,A,121,MET,residue,3.8461538461538463
A,8,LYS,residue,A,104,ASP,residue,11.538461538461538
A,8,LYS,residue,A,104,ASP,residue,7.6923076923076925
A,9,GLN,residue,A,3,SER,residue,3.8461538461538463
A,16,ARG,residue,A,8,LYS,residue,11.538461538461538
A,24,ARG,residue,A,21,ARG,residue,50.0
A,24,ARG,residue,A,25,GLU,residue,3.8461538461538463
A,24,ARG,residue,A,25,GLU,residue,3.8461538461538463
A,43,GLN,residue,A,115,SER,residue,3.8461538461538463
A,49,LYS,residue,A,48,ASP,residue,7.6923076923076925
A,51,LYS,residue,A,19,ASP,residue,15.384615384615385
A,59,ASN,residue,A,59,ASN,residue,7.6923076923076925
A,59,ASN,residue,A,92,SER,residue,15.384615384615385
A,86,HIS,residue,A,84,ASN,residue,3.8461538461538463
A,86,HIS,residue,A,86,HIS,residue,3.8461538461538463
A,87,SER,residue,A,86,HIS,residue,7.6923076923076925
A,87,SER,residue,A,102,GLU,residue,65.38461538461539
A,93,THR,residue,A,91,VAL,residue,34.61538461538461
A,4,GLU,residue,A,2,PRO,residue,3.8461538461538463
A,8,LYS,residue,A,105,GLU,residue,11.538461538461538
A,8,LYS,residue,A,105,GLU,residue,7.6923076923076925
A,10,ARG,residue,A,5,LYS,residue,3.8461538461538463
A,11,ARG,residue,A,19,ASP,residue,38.46153846153847
A,11,ARG,residue,A,19,ASP,residue,26.923076923076923
A,21,ARG,residue,A,18,GLU,residue,15.384615384615385
A,21,ARG,residue,A,18,GLU,residue,15.384615384615385
A,21,ARG,residue,A,18,GLU,residue,15.384615384615385
A,21,ARG,residue,A,18,GLU,residue,15.384615384615385
A,26,GLN,residue,A,22,LEU,residue,23.076923076923077
A,49,LYS,residue,A,48,ASP,residue,7.6923076923076925
A,51,LYS,residue,A,19,ASP,residue,30.76923076923077
A,59,ASN,residue,A,62,GLU,residue,53.84615384615385
A,74,ASN,residue,A,74,ASN,residue,3.8461538461538463
A,77,GLN,residue,A,78,ALA,residue,7.6923076923076925
A,96,SER,residue,A,56,ASP,residue,3.8461538461538463
A,98,VAL,residue,A,95,ILE,residue,38.46153846153847
A,101,SER,residue,A,102,GLU,residue,26.923076923076923
A,106,ASP,residue,A,104,ASP,residue,34.61538461538461
A,110,TYR,residue,A,108,PHE,residue,3.8461538461538463
A,116,GLN,residue,A,115,SER,residue,7.6923076923076925
A,119,PHE,residue,A,116,GLN,residue,38.46153846153847
A,4,GLU,residue,A,4,GLU,residue,11.538461538461538
A,8,LYS,residue,A,104,ASP,residue,42.30769230769231
A,11,ARG,residue,A,15,GLN,residue,23.076923076923077
A,21,ARG,residue,A,18,GLU,residue,11.538461538461538
A,21,ARG,residue,A,18,GLU,residue,11.538461538461538
A,21,ARG,residue,A,18,GLU,residue,11.538461538461538
A,21,ARG,residue,A,18,GLU,residue,11.538461538461538
A,23,ILE,residue,A,20,VAL,residue,34.61538461538461
A,29,THR,residue,A,56,ASP,residue,3.8461538461538463
A,30,LYS,residue,A,27,HIS,residue,19.230769230769234
A,49,LYS,residue,A,48,ASP,residue,19.230769230769234
A,65,LYS,residue,A,62,GLU,residue,3.8461538461538463
A,65,LYS,residue,A,61,SER,residue,11.538461538461538
A,70,ARG,residue,A,67,ILE,residue,38.46153846153847
A,90,SER,residue,A,93,THR,residue,15.384615384615385
A,90,SER,residue,A,92,SER,residue,11.538461538461538
A,96,SER,residue,A,56,ASP,residue,15.384615384615385
A,101,SER,residue,A,102,GLU,residue,30.76923076923077
A,106,ASP,residue,A,104,ASP,residue,7.6923076923076925
A,107,GLY,residue,A,105,GLU,residue,7.6923076923076925
A,115,SER,residue,A,118,THR,residue,11.538461538461538
A,122,LYS,residue,A,120,GLY,residue,3.8461538461538463
A,123,LEU,residue,A,121,MET,residue,7.6923076923076925
A,5,LYS,residue,A,3,SER,residue,42.30769230769231
A,11,ARG,residue,A,15,GLN,residue,19.230769230769234
A,11,ARG,residue,A,19,ASP,residue,46.15384615384615
A,11,ARG,residue,A,19,ASP,residue,38.46153846153847
A,16,ARG,residue,A,8,LYS,residue,11.538461538461538
A,49,LYS,residue,A,48,ASP,residue,7.6923076923076925
A,103,LYS,residue,A,100,GLU,residue,3.8461538461538463
A,103,LYS,residue,A,99,TYR,residue,3.8461538461538463
A,120,GLY,residue,A,115,SER,residue,7.6923076923076925
A,121,MET,residue,A,116,GLN,residue,53.84615384615385
A,39,LYS,residue,A,4,GLU,residue,3.8461538461538463
A,42,LYS,residue,A,117,GLU,residue,7.6923076923076925
A,59,ASN,residue,A,62,GLU,residue,34.61538461538461
A,77,GLN,residue,A,74,ASN,residue,7.6923076923076925
A,77,GLN,residue,A,43,GLN,residue,15.384615384615385
A,123,LEU,residue,A,121,MET,residue,7.6923076923076925
A,5,LYS,residue,A,4,GLU,residue,7.6923076923076925
A,8,LYS,residue,A,105,GLU,residue,3.8461538461538463
A,30,LYS,residue,A,29,THR,residue,3.8461538461538463
A,39,LYS,residue,A,2,PRO,residue,3.8461538461538463
A,51,LYS,residue,A,19,ASP,residue,11.538461538461538
A,54,VAL,residue,A,52,PHE,residue,3.8461538461538463
A,57,HIS,residue,A,56,ASP,residue,3.8461538461538463
A,74,ASN,residue,A,77,GLN,residue,7.6923076923076925
A,77,GLN,residue,A,77,GLN,residue,3.8461538461538463
A,84,ASN,residue,A,102,GLU,residue,7.6923076923076925
A,103,LYS,residue,A,100,GLU,residue,3.8461538461538463
A,118,THR,residue,A,41,GLU,residue,3.8461538461538463
A,24,ARG,residue,A,99,TYR,residue,11.538461538461538
A,30,LYS,residue,A,27,HIS,residue,15.384615384615385
A,82,LEU,residue,A,80,PHE,residue,3.8461538461538463
A,103,LYS,residue,A,99,TYR,residue,7.6923076923076925
A,103,LYS,residue,A,100,GLU,residue,3.8461538461538463
A,6,THR,residue,A,4,GLU,residue,7.6923076923076925
A,17,VAL,residue,A,14,GLU,residue,7.6923076923076925
A,30,LYS,residue,A,27,HIS,residue,15.384615384615385
A,37,ARG,residue,A,45,PRO,residue,3.8461538461538463
A,42,LYS,residue,A,117,GLU,residue,3.8461538461538463
A,97,GLU,residue,A,96,SER,residue,3.8461538461538463
A,116,GLN,residue,A,120,GLY,residue,3.8461538461538463
A,125,VAL,residue,A,122,LYS,residue,11.538461538461538
A,6,THR,residue,A,4,GLU,residue,3.8461538461538463
A,39,LYS,residue,A,4,GLU,residue,3.8461538461538463
A,49,LYS,residue,A,48,ASP,residue,7.6923076923076925
A,85,GLY,residue,A,83,VAL,residue,7.6923076923076925
A,9,GLN,residue,A,4,GLU,residue,3.8461538461538463
A,20,VAL,residue,A,17,VAL,residue,23.076923076923077
A,27,HIS,residue,A,24,ARG,residue,11.538461538461538
A,44,LEU,residue,A,42,LYS,residue,3.8461538461538463
A,50,THR,residue,A,48,ASP,residue,3.8461538461538463
A,110,TYR,residue,A,84,ASN,residue,11.538461538461538
A,124,SER,residue,A,117,GLU,residue,7.6923076923076925
A,1,MET,residue,A,1,MET,residue,3.8461538461538463
A,8,LYS,residue,A,105,GLU,residue,3.8461538461538463
A,29,THR,residue,A,56,ASP,residue,3.8461538461538463
A,39,LYS,residue,A,4,GLU,residue,3.8461538461538463
A,84,ASN,residue,A,102,GLU,residue,7.6923076923076925
A,108,PHE,residue,A,106,ASP,residue,23.076923076923077
A,122,LYS,residue,A,116,GLN,residue,3.8461538461538463
A,124,SER,residue,A,117,GLU,residue,3.8461538461538463
A,14,GLU,residue,A,12,THR,residue,23.076923076923077
A,24,ARG,residue,A,20,VAL,residue,3.8461538461538463
A,49,LYS,residue,A,48,ASP,residue,3.8461538461538463
A,115,SER,residue,A,117,GLU,residue,3.8461538461538463
A,116,GLN,residue,A,121,MET,residue,3.8461538461538463
A,122,LYS,residue,A,120,GLY,residue,7.6923076923076925
A,5,LYS,residue,A,9,GLN,residue,3.8461538461538463
A,8,LYS,residue,A,106,ASP,residue,11.538461538461538
A,57,HIS,residue,A,56,ASP,residue,3.8461538461538463
A,105,GLU,residue,A,105,GLU,residue,3.8461538461538463
A,105,GLU,residue,A,105,GLU,residue,3.8461538461538463
A,116,GLN,residue,A,121,MET,residue,19.230769230769234
A,11,ARG,residue,A,15,GLN,residue,3.8461538461538463
A,30,LYS,residue,A,28,PRO,residue,7.6923076923076925
A,67,ILE,residue,A,64,ILE,residue,11.538461538461538
A,78,ALA,residue,A,76,ASN,residue,7.6923076923076925
A,13,PHE,residue,A,12,THR,residue,11.538461538461538
A,16,ARG,residue,A,110,TYR,residue,15.384615384615385
A,89,VAL,residue,A,81,LEU,residue,3.8461538461538463
A,116,GLN,residue,A,123,LEU,residue,7.6923076923076925
A,116,GLN,residue,A,122,LYS,residue,3.8461538461538463
A,125,VAL,residue,A,79,PHE,residue,3.8461538461538463
A,61,SER,residue,A,91,VAL,residue,3.8461538461538463
A,68,ARG,residue,A,73,LEU,residue,3.8461538461538463
A,107,GLY,residue,A,106,ASP,residue,7.6923076923076925
A,116,GLN,residue,A,124,SER,residue,3.8461538461538463
A,124,SER,residue,A,116,GLN,residue,3.8461538461538463
A,125,VAL,residue,A,116,GLN,residue,3.8461538461538463
A,15,GLN,residue,A,18,GLU,residue,3.8461538461538463
A,15,GLN,residue,A,18,GLU,residue,3.8461538461538463
A,38,TYR,residue,A,118,THR,residue,3.8461538461538463
A,79,PHE,residue,A,116,GLN,residue,3.8461538461538463
A,87,SER,residue,A,86,HIS,residue,3.8461538461538463
A,89,VAL,residue,A,88,MET,residue,3.8461538461538463
A,116,GLN,residue,A,116,GLN,residue,3.8461538461538463
A,4,GLU,residue,A,4,GLU,residue,7.6923076923076925
A,5,LYS,residue,A,9,GLN,residue,3.8461538461538463
A,10,ARG,residue,A,5,LYS,residue,7.6923076923076925
A,10,ARG,residue,A,1,MET,residue,3.8461538461538463
A,16,ARG,residue,A,12,THR,residue,3.8461538461538463
A,74,ASN,residue,A,76,ASN,residue,3.8461538461538463
A,84,ASN,residue,A,87,SER,residue,3.8461538461538463
A,115,SER,residue,A,78,ALA,residue,7.6923076923076925
A,122,LYS,residue,A,124,SER,residue,3.8461538461538463
A,5,LYS,residue,A,2,PRO,residue,7.6923076923076925
A,37,ARG,residue,A,38,TYR,residue,7.6923076923076925
A,65,LYS,residue,A,61,SER,residue,3.8461538461538463
A,72,GLN,residue,A,71,LEU,residue,3.8461538461538463
A,122,LYS,residue,A,117,GLU,residue,3.8461538461538463
A,42,LYS,residue,A,41,GLU,residue,15.384615384615385
A,43,GLN,residue,A,41,GLU,residue,15.384615384615385
A,44,LEU,residue,A,41,GLU,residue,15.384615384615385
A,125,VAL,residue,A,123,LEU,residue,3.8461538461538463
A,5,LYS,residue,A,4,GLU,residue,3.8461538461538463
A,5,LYS,residue,A,4,GLU,residue,3.8461538461538463
A,5,LYS,residue,A,4,GLU,residue,3.8461538461538463
A,11,ARG,residue,A,15,GLN,residue,3.8461538461538463
A,37,ARG,residue,A,42,LYS,residue,3.8461538461538463
A,78,ALA,residue,A,77,GLN,residue,3.8461538461538463
A,79,PHE,residue,A,77,GLN,residue,3.8461538461538463
A,84,ASN,residue,A,86,HIS,residue,3.8461538461538463
A,107,GLY,residue,A,108,PHE,residue,3.8461538461538463
A,108,PHE,residue,A,106,ASP,residue,3.8461538461538463
A,122,LYS,residue,A,120,GLY,residue,3.8461538461538463
A,10,ARG,residue,A,4,GLU,residue,3.8461538461538463
A,10,ARG,residue,A,4,GLU,residue,3.8461538461538463
A,75,ALA,residue,A,74,ASN,residue,3.8461538461538463
A,6,THR,residue,A,9,GLN,residue,3.8461538461538463
A,12,THR,residue,A,10,ARG,residue,3.8461538461538463
A,84,ASN,residue,A,104,ASP,residue,3.8461538461538463
A,91,VAL,residue,A,124,SER,residue,3.8461538461538463
A,124,SER,residue,A,88,MET,residue,3.8461538461538463
