A,3,ARG,residue,A,59,PRO,residue,35.76158940397351
A,4,ALA,residue,A,2,SER,residue,31.125827814569533
A,5,LYS,residue,A,2,SER,residue,44.370860927152314
A,5,LYS,residue,A,2,SER,residue,53.64238410596026
A,6,ARG,residue,A,2,SER,residue,70.19867549668875
A,6,ARG,residue,A,6,ARG,residue,100.0
A,6,ARG,residue,A,10,GLU,residue,66.88741721854305
A,6,ARG,residue,A,10,GLU,residue,45.033112582781456
A,7,ILE,residue,A,3,ARG,residue,96.68874172185431
A,8,MET,residue,A,4,ALA,residue,94.03973509933775
A,9,LYS,residue,A,5,LYS,residue,96.68874172185431
A,9,LYS,residue,A,6,ARG,residue,78.1456953642384
A,10,GLU,residue,A,6,ARG,residue,84.10596026490066
A,10,GLU,residue,A,7,ILE,residue,94.03973509933775
A,11,ILE,residue,A,7,ILE,residue,95.36423841059603
A,12,GLN,residue,A,8,MET,residue,100.0
A,12,GLN,residue,A,8,MET,residue,12.582781456953644
A,13,ALA,residue,A,9,LYS,residue,91.3907284768212
A,14,VAL,residue,A,10,GLU,residue,75.49668874172185
A,14,VAL,residue,A,11,ILE,residue,86.75496688741721
A,15,LYS,residue,A,11,ILE,residue,95.36423841059603
A,16,ASP,residue,A,13,ALA,residue,66.22516556291392
A,17,ASP,residue,A,13,ALA,residue,32.450331125827816
A,17,ASP,residue,A,14,VAL,residue,91.3907284768212
A,19,ALA,residue,A,17,ASP,residue,24.503311258278146
A,20,ALA,residue,A,17,ASP,residue,14.56953642384106
A,20,ALA,residue,A,17,ASP,residue,45.6953642384106
A,21,HIS,residue,A,18,PRO,residue,14.56953642384106
A,23,THR,residue,A,38,THR,residue,100.0
A,25,GLU,residue,A,36,LYS,residue,99.33774834437085
A,27,VAL,residue,A,34,HIS,residue,74.17218543046357
A,28,SER,residue,A,31,ASP,residue,23.178807947019866
A,30,SER,residue,A,28,SER,residue,85.43046357615894
A,31,ASP,residue,A,28,SER,residue,76.82119205298014
A,31,ASP,residue,A,31,ASP,residue,3.3112582781456954
A,33,HIS,residue,A,33,HIS,residue,98.01324503311258
A,34,HIS,residue,A,31,ASP,residue,92.05298013245033
A,34,HIS,residue,A,57,GLU,residue,25.165562913907287
A,35,LEU,residue,A,56,ILE,residue,100.0
A,36,LYS,residue,A,25,GLU,residue,100.0
A,37,GLY,residue,A,54,VAL,residue,99.33774834437085
A,38,THR,residue,A,23,THR,residue,98.01324503311258
A,39,PHE,residue,A,52,PHE,residue,100.0
A,40,LEU,residue,A,21,HIS,residue,56.95364238410596
A,41,GLY,residue,A,50,GLY,residue,100.0
A,44,GLY,residue,A,48,GLU,residue,63.576158940397356
A,45,THR,residue,A,42,PRO,residue,86.75496688741721
A,45,THR,residue,A,48,GLU,residue,4.635761589403973
A,45,THR,residue,A,42,PRO,residue,100.0
A,47,TYR,residue,A,45,THR,residue,95.36423841059603
A,47,TYR,residue,A,76,TYR,residue,100.0
A,48,GLU,residue,A,45,THR,residue,100.0
A,50,GLY,residue,A,47,TYR,residue,100.0
A,51,LYS,residue,A,149,ALA,residue,99.33774834437085
A,51,LYS,residue,A,149,ALA,residue,3.3112582781456954
A,52,PHE,residue,A,39,PHE,residue,99.33774834437085
A,53,VAL,residue,A,73,THR,residue,100.0
A,54,VAL,residue,A,37,GLY,residue,100.0
A,55,ASP,residue,A,70,GLN,residue,100.0
A,56,ILE,residue,A,35,LEU,residue,100.0
A,57,GLU,residue,A,68,LYS,residue,100.0
A,58,VAL,residue,A,33,HIS,residue,100.0
A,62,TYR,residue,A,60,MET,residue,68.21192052980133
A,62,TYR,residue,A,10,GLU,residue,58.27814569536424
A,62,TYR,residue,A,10,GLU,residue,62.913907284768214
A,64,PHE,residue,A,61,GLU,residue,70.19867549668875
A,64,PHE,residue,A,62,TYR,residue,19.205298013245034
A,65,LYS,residue,A,61,GLU,residue,20.52980132450331
A,65,LYS,residue,A,61,GLU,residue,16.55629139072848
A,68,LYS,residue,A,57,GLU,residue,100.0
A,70,GLN,residue,A,55,ASP,residue,98.67549668874173
A,71,PHE,residue,A,85,GLY,residue,100.0
A,72,ASP,residue,A,53,VAL,residue,99.33774834437085
A,73,THR,residue,A,53,VAL,residue,99.33774834437085
A,76,TYR,residue,A,129,HIS,residue,100.0
A,77,HIS,residue,A,112,LEU,residue,99.33774834437085
A,79,ASN,residue,A,77,HIS,residue,100.0
A,79,ASN,residue,A,120,ASP,residue,82.11920529801324
A,79,ASN,residue,A,117,GLU,residue,100.0
A,80,ILE,residue,A,77,HIS,residue,99.33774834437085
A,81,SER,residue,A,86,ALA,residue,100.0
A,83,VAL,residue,A,81,SER,residue,86.09271523178808
A,84,THR,residue,A,81,SER,residue,96.02649006622516
A,85,GLY,residue,A,81,SER,residue,44.370860927152314
A,85,GLY,residue,A,81,SER,residue,83.44370860927152
A,86,ALA,residue,A,84,THR,residue,100.0
A,88,CYS,residue,A,79,ASN,residue,100.0
A,88,CYS,residue,A,120,ASP,residue,50.993377483443716
A,90,ASP,residue,A,90,ASP,residue,22.516556291390728
A,92,LEU,residue,A,89,LEU,residue,97.35099337748345
A,93,LYS,residue,A,90,ASP,residue,43.70860927152318
A,94,ASN,residue,A,90,ASP,residue,99.33774834437085
A,96,TRP,residue,A,63,PRO,residue,98.67549668874173
A,99,VAL,residue,A,97,SER,residue,84.76821192052981
A,100,ILE,residue,A,97,SER,residue,100.0
A,102,LEU,residue,A,10,GLU,residue,74.17218543046357
A,102,LEU,residue,A,10,GLU,residue,58.94039735099338
A,103,LYS,residue,A,10,GLU,residue,4.635761589403973
A,103,LYS,residue,A,101,THR,residue,11.258278145695364
A,103,LYS,residue,A,17,ASP,residue,11.258278145695364
A,104,SER,residue,A,101,THR,residue,99.33774834437085
A,105,ALA,residue,A,101,THR,residue,100.0
A,106,LEU,residue,A,102,LEU,residue,98.67549668874173
A,107,ILE,residue,A,103,LYS,residue,98.67549668874173
A,108,SER,residue,A,104,SER,residue,99.33774834437085
A,108,SER,residue,A,105,ALA,residue,25.165562913907287
A,108,SER,residue,A,104,SER,residue,61.58940397350994
A,109,LEU,residue,A,105,ALA,residue,81.45695364238411
A,109,LEU,residue,A,106,LEU,residue,72.84768211920529
A,110,GLN,residue,A,106,LEU,residue,93.37748344370861
A,110,GLN,residue,A,40,LEU,residue,40.397350993377486
A,110,GLN,residue,A,20,ALA,residue,56.95364238410596
A,111,ALA,residue,A,107,ILE,residue,99.33774834437085
A,111,ALA,residue,A,108,SER,residue,21.85430463576159
A,112,LEU,residue,A,108,SER,residue,86.09271523178808
A,113,LEU,residue,A,109,LEU,residue,98.01324503311258
A,113,LEU,residue,A,110,GLN,residue,68.21192052980133
A,114,GLN,residue,A,111,ALA,residue,70.19867549668875
A,114,GLN,residue,A,114,GLN,residue,7.9470198675496695
A,115,SER,residue,A,111,ALA,residue,88.0794701986755
A,117,GLU,residue,A,79,ASN,residue,100.0
A,119,ASN,residue,A,117,GLU,residue,17.880794701986755
A,119,ASN,residue,A,117,GLU,residue,16.55629139072848
A,119,ASN,residue,A,117,GLU,residue,26.490066225165563
A,120,ASP,residue,A,117,GLU,residue,82.11920529801324
A,122,GLN,residue,A,78,PRO,residue,100.0
A,122,GLN,residue,A,122,GLN,residue,25.165562913907287
A,123,ASP,residue,A,78,PRO,residue,100.0
A,125,GLU,residue,A,123,ASP,residue,50.993377483443716
A,126,VAL,residue,A,123,ASP,residue,50.993377483443716
A,127,ALA,residue,A,123,ASP,residue,100.0
A,128,GLN,residue,A,124,ALA,residue,99.33774834437085
A,128,GLN,residue,A,124,ALA,residue,27.81456953642384
A,129,HIS,residue,A,125,GLU,residue,87.41721854304636
A,129,HIS,residue,A,126,VAL,residue,70.86092715231787
A,129,HIS,residue,A,136,SER,residue,89.40397350993378
A,130,TYR,residue,A,126,VAL,residue,100.0
A,131,LEU,residue,A,127,ALA,residue,99.33774834437085
A,131,LEU,residue,A,128,GLN,residue,30.4635761589404
A,132,ARG,residue,A,128,GLN,residue,68.21192052980133
A,133,ASP,residue,A,129,HIS,residue,100.0
A,134,ARG,residue,A,130,TYR,residue,8.609271523178808
A,135,GLU,residue,A,133,ASP,residue,54.966887417218544
A,136,SER,residue,A,133,ASP,residue,80.79470198675497
A,136,SER,residue,A,133,ASP,residue,72.84768211920529
A,137,PHE,residue,A,133,ASP,residue,99.33774834437085
A,138,ASN,residue,A,134,ARG,residue,98.01324503311258
A,139,LYS,residue,A,135,GLU,residue,99.33774834437085
A,140,THR,residue,A,136,SER,residue,98.01324503311258
A,140,THR,residue,A,137,PHE,residue,48.34437086092716
A,140,THR,residue,A,136,SER,residue,83.44370860927152
A,141,ALA,residue,A,137,PHE,residue,100.0
A,142,ALA,residue,A,138,ASN,residue,100.0
A,143,LEU,residue,A,139,LYS,residue,98.01324503311258
A,143,LEU,residue,A,140,THR,residue,36.423841059602644
A,144,TRP,residue,A,140,THR,residue,100.0
A,145,THR,residue,A,141,ALA,residue,98.01324503311258
A,145,THR,residue,A,142,ALA,residue,41.72185430463576
A,145,THR,residue,A,46,PRO,residue,52.980132450331126
A,146,ARG,residue,A,142,ALA,residue,98.01324503311258
A,147,LEU,residue,A,143,LEU,residue,94.70198675496688
A,148,TYR,residue,A,144,TRP,residue,100.0
A,149,ALA,residue,A,145,THR,residue,87.41721854304636
A,150,SER,residue,A,147,LEU,residue,18.543046357615893
A,150,SER,residue,A,146,ARG,residue,8.609271523178808
A,3,ARG,residue,A,58,VAL,residue,6.622516556291391
A,6,ARG,residue,A,3,ARG,residue,47.019867549668874
A,7,ILE,residue,A,4,ALA,residue,48.34437086092716
A,12,GLN,residue,A,8,MET,residue,0.6622516556291391
A,13,ALA,residue,A,10,GLU,residue,66.22516556291392
A,16,ASP,residue,A,12,GLN,residue,73.50993377483444
A,31,ASP,residue,A,28,SER,residue,32.450331125827816
A,32,ILE,residue,A,30,SER,residue,64.90066225165563
A,44,GLY,residue,A,48,GLU,residue,75.49668874172185
A,45,THR,residue,A,43,PRO,residue,5.960264900662252
A,49,GLY,residue,A,41,GLY,residue,51.65562913907284
A,50,GLY,residue,A,48,GLU,residue,12.582781456953644
A,62,TYR,residue,A,59,PRO,residue,76.82119205298014
A,65,LYS,residue,A,61,GLU,residue,80.13245033112582
A,75,VAL,residue,A,73,THR,residue,5.298013245033113
A,88,CYS,residue,A,121,PRO,residue,22.516556291390728
A,93,LYS,residue,A,91,ILE,residue,1.9867549668874174
A,94,ASN,residue,A,94,ASN,residue,1.3245033112582782
A,95,ALA,residue,A,90,ASP,residue,95.36423841059603
A,96,TRP,residue,A,93,LYS,residue,0.6622516556291391
A,104,SER,residue,A,101,THR,residue,32.450331125827816
A,105,ALA,residue,A,102,LEU,residue,37.086092715231786
A,110,GLN,residue,A,107,ILE,residue,49.00662251655629
A,112,LEU,residue,A,109,LEU,residue,58.27814569536424
A,114,GLN,residue,A,110,GLN,residue,86.09271523178808
A,115,SER,residue,A,112,LEU,residue,56.29139072847682
A,129,HIS,residue,A,136,SER,residue,11.258278145695364
A,130,TYR,residue,A,127,ALA,residue,36.423841059602644
A,132,ARG,residue,A,129,HIS,residue,68.87417218543047
A,133,ASP,residue,A,130,TYR,residue,12.582781456953644
A,135,GLU,residue,A,133,ASP,residue,48.34437086092716
A,145,THR,residue,A,141,ALA,residue,52.980132450331126
A,146,ARG,residue,A,143,LEU,residue,38.41059602649007
A,149,ALA,residue,A,144,TRP,residue,83.44370860927152
A,150,SER,residue,A,145,THR,residue,72.18543046357617
A,3,ARG,residue,A,33,HIS,residue,7.9470198675496695
A,36,LYS,residue,A,25,GLU,residue,3.3112582781456954
A,36,LYS,residue,A,25,GLU,residue,7.28476821192053
A,48,GLU,residue,A,45,THR,residue,11.258278145695364
A,80,ILE,residue,A,77,HIS,residue,16.55629139072848
A,93,LYS,residue,A,89,LEU,residue,86.09271523178808
A,97,SER,residue,A,97,SER,residue,0.6622516556291391
A,125,GLU,residue,A,123,ASP,residue,38.41059602649007
A,126,VAL,residue,A,123,ASP,residue,33.11258278145696
A,126,VAL,residue,A,123,ASP,residue,48.34437086092716
A,128,GLN,residue,A,125,GLU,residue,21.85430463576159
A,132,ARG,residue,A,129,HIS,residue,6.622516556291391
A,134,ARG,residue,A,130,TYR,residue,1.3245033112582782
A,142,ALA,residue,A,139,LYS,residue,28.47682119205298
A,150,SER,residue,A,148,TYR,residue,17.880794701986755
A,6,ARG,residue,A,10,GLU,residue,43.04635761589404
A,15,LYS,residue,A,12,GLN,residue,41.05960264900662
A,24,LEU,residue,A,22,ILE,residue,7.9470198675496695
A,34,HIS,residue,A,57,GLU,residue,31.788079470198678
A,38,THR,residue,A,23,THR,residue,6.622516556291391
A,45,THR,residue,A,48,GLU,residue,10.596026490066226
A,65,LYS,residue,A,61,GLU,residue,21.192052980132452
A,65,LYS,residue,A,61,GLU,residue,25.165562913907287
A,68,LYS,residue,A,57,GLU,residue,17.218543046357617
A,81,SER,residue,A,84,THR,residue,25.165562913907287
A,84,THR,residue,A,81,SER,residue,6.622516556291391
A,93,LYS,residue,A,94,ASN,residue,19.867549668874172
A,95,ALA,residue,A,91,ILE,residue,3.9735099337748347
A,103,LYS,residue,A,13,ALA,residue,17.880794701986755
A,106,LEU,residue,A,103,LYS,residue,35.099337748344375
A,127,ALA,residue,A,124,ALA,residue,15.2317880794702
A,136,SER,residue,A,133,ASP,residue,17.218543046357617
A,150,SER,residue,A,146,ARG,residue,26.490066225165563
A,3,ARG,residue,A,2,SER,residue,9.271523178807946
A,74,LYS,residue,A,82,SER,residue,16.55629139072848
A,82,SER,residue,A,123,ASP,residue,6.622516556291391
A,86,ALA,residue,A,81,SER,residue,3.3112582781456954
A,93,LYS,residue,A,94,ASN,residue,29.13907284768212
A,103,LYS,residue,A,17,ASP,residue,17.880794701986755
A,107,ILE,residue,A,104,SER,residue,24.503311258278146
A,128,GLN,residue,A,125,GLU,residue,0.6622516556291391
A,139,LYS,residue,A,136,SER,residue,25.82781456953642
A,139,LYS,residue,A,135,GLU,residue,1.9867549668874174
A,144,TRP,residue,A,141,ALA,residue,15.2317880794702
A,3,ARG,residue,A,33,HIS,residue,1.9867549668874174
A,8,MET,residue,A,5,LYS,residue,35.099337748344375
A,12,GLN,residue,A,9,LYS,residue,4.635761589403973
A,34,HIS,residue,A,32,ILE,residue,1.9867549668874174
A,36,LYS,residue,A,25,GLU,residue,5.298013245033113
A,52,PHE,residue,A,50,GLY,residue,3.9735099337748347
A,70,GLN,residue,A,55,ASP,residue,12.582781456953644
A,74,LYS,residue,A,82,SER,residue,11.258278145695364
A,15,LYS,residue,A,24,LEU,residue,1.3245033112582782
A,68,LYS,residue,A,57,GLU,residue,14.56953642384106
A,77,HIS,residue,A,75,VAL,residue,5.960264900662252
A,77,HIS,residue,A,115,SER,residue,2.6490066225165565
A,89,LEU,residue,A,87,ILE,residue,29.80132450331126
A,96,TRP,residue,A,94,ASN,residue,64.23841059602648
A,141,ALA,residue,A,138,ASN,residue,8.609271523178808
A,147,LEU,residue,A,144,TRP,residue,30.4635761589404
A,19,ALA,residue,A,17,ASP,residue,54.3046357615894
A,20,ALA,residue,A,17,ASP,residue,35.099337748344375
A,30,SER,residue,A,31,ASP,residue,15.2317880794702
A,68,LYS,residue,A,57,GLU,residue,9.271523178807946
A,70,GLN,residue,A,84,THR,residue,9.933774834437086
A,103,LYS,residue,A,17,ASP,residue,27.81456953642384
A,137,PHE,residue,A,134,ARG,residue,15.894039735099339
A,11,ILE,residue,A,8,MET,residue,47.019867549668874
A,12,GLN,residue,A,9,LYS,residue,11.258278145695364
A,21,HIS,residue,A,17,ASP,residue,2.6490066225165565
A,79,ASN,residue,A,88,CYS,residue,5.960264900662252
A,93,LYS,residue,A,90,ASP,residue,7.28476821192053
A,93,LYS,residue,A,90,ASP,residue,3.9735099337748347
A,149,ALA,residue,A,146,ARG,residue,1.9867549668874174
A,23,THR,residue,A,38,THR,residue,7.28476821192053
A,61,GLU,residue,A,61,GLU,residue,0.6622516556291391
A,68,LYS,residue,A,57,GLU,residue,17.218543046357617
A,79,ASN,residue,A,88,CYS,residue,3.9735099337748347
A,93,LYS,residue,A,90,ASP,residue,6.622516556291391
A,139,LYS,residue,A,135,GLU,residue,3.3112582781456954
A,139,LYS,residue,A,135,GLU,residue,4.635761589403973
A,28,SER,residue,A,34,HIS,residue,0.6622516556291391
A,34,HIS,residue,A,33,HIS,residue,2.6490066225165565
A,45,THR,residue,A,43,PRO,residue,2.6490066225165565
A,65,LYS,residue,A,61,GLU,residue,34.437086092715234
A,65,LYS,residue,A,61,GLU,residue,36.423841059602644
A,88,CYS,residue,A,122,GLN,residue,5.298013245033113
A,134,ARG,residue,A,130,TYR,residue,2.6490066225165565
A,140,THR,residue,A,137,PHE,residue,5.298013245033113
A,150,SER,residue,A,149,ALA,residue,3.3112582781456954
A,9,LYS,residue,A,12,GLN,residue,0.6622516556291391
A,30,SER,residue,A,31,ASP,residue,13.90728476821192
A,34,HIS,residue,A,33,HIS,residue,4.635761589403973
A,104,SER,residue,A,101,THR,residue,9.933774834437086
A,15,LYS,residue,A,24,LEU,residue,3.9735099337748347
A,90,ASP,residue,A,90,ASP,residue,34.437086092715234
A,114,GLN,residue,A,43,PRO,residue,1.9867549668874174
A,138,ASN,residue,A,135,GLU,residue,11.258278145695364
A,51,LYS,residue,A,49,GLY,residue,0.6622516556291391
A,119,ASN,residue,A,117,GLU,residue,6.622516556291391
A,17,ASP,residue,A,15,LYS,residue,3.9735099337748347
A,68,LYS,residue,A,57,GLU,residue,5.960264900662252
A,132,ARG,residue,A,130,TYR,residue,1.9867549668874174
A,140,THR,residue,A,136,SER,residue,5.298013245033113
A,148,TYR,residue,A,145,THR,residue,9.271523178807946
A,15,LYS,residue,A,24,LEU,residue,3.3112582781456954
A,30,SER,residue,A,30,SER,residue,0.6622516556291391
A,68,LYS,residue,A,57,GLU,residue,4.635761589403973
A,88,CYS,residue,A,88,CYS,residue,1.9867549668874174
A,95,ALA,residue,A,94,ASN,residue,7.9470198675496695
A,101,THR,residue,A,104,SER,residue,16.55629139072848
A,103,LYS,residue,A,17,ASP,residue,32.450331125827816
A,120,ASP,residue,A,117,GLU,residue,5.960264900662252
A,132,ARG,residue,A,125,GLU,residue,0.6622516556291391
A,91,ILE,residue,A,90,ASP,residue,1.3245033112582782
A,94,ASN,residue,A,91,ILE,residue,1.9867549668874174
A,150,SER,residue,A,145,THR,residue,13.245033112582782
A,21,HIS,residue,A,18,PRO,residue,3.3112582781456954
A,77,HIS,residue,A,80,ILE,residue,4.635761589403973
A,6,ARG,residue,A,10,GLU,residue,25.165562913907287
A,36,LYS,residue,A,38,THR,residue,2.6490066225165565
A,89,LEU,residue,A,89,LEU,residue,0.6622516556291391
A,101,THR,residue,A,99,VAL,residue,0.6622516556291391
A,103,LYS,residue,A,13,ALA,residue,20.52980132450331
A,122,GLN,residue,A,86,ALA,residue,25.82781456953642
A,6,ARG,residue,A,62,TYR,residue,1.9867549668874174
A,74,LYS,residue,A,82,SER,residue,7.9470198675496695
A,82,SER,residue,A,123,ASP,residue,13.90728476821192
A,128,GLN,residue,A,125,GLU,residue,1.3245033112582782
A,138,ASN,residue,A,135,GLU,residue,0.6622516556291391
A,16,ASP,residue,A,14,VAL,residue,1.3245033112582782
A,33,HIS,residue,A,34,HIS,residue,3.3112582781456954
A,36,LYS,residue,A,25,GLU,residue,8.609271523178808
A,62,TYR,residue,A,100,ILE,residue,0.6622516556291391
A,86,ALA,residue,A,84,THR,residue,0.6622516556291391
A,94,ASN,residue,A,94,ASN,residue,4.635761589403973
A,110,GLN,residue,A,106,LEU,residue,23.841059602649008
A,132,ARG,residue,A,128,GLN,residue,1.3245033112582782
A,134,ARG,residue,A,130,TYR,residue,1.3245033112582782
A,20,ALA,residue,A,18,PRO,residue,3.9735099337748347
A,40,LEU,residue,A,110,GLN,residue,0.6622516556291391
A,138,ASN,residue,A,135,GLU,residue,1.9867549668874174
A,36,LYS,residue,A,38,THR,residue,3.3112582781456954
A,36,LYS,residue,A,38,THR,residue,1.3245033112582782
A,134,ARG,residue,A,130,TYR,residue,1.9867549668874174
A,21,HIS,residue,A,17,ASP,residue,5.298013245033113
A,36,LYS,residue,A,25,GLU,residue,6.622516556291391
A,36,LYS,residue,A,25,GLU,residue,3.9735099337748347
A,69,MET,residue,A,67,PRO,residue,3.3112582781456954
A,115,SER,residue,A,116,PRO,residue,4.635761589403973
A,19,ALA,residue,A,17,ASP,residue,0.6622516556291391
A,124,ALA,residue,A,123,ASP,residue,1.9867549668874174
A,134,ARG,residue,A,130,TYR,residue,9.933774834437086
A,140,THR,residue,A,129,HIS,residue,1.9867549668874174
A,28,SER,residue,A,31,ASP,residue,29.13907284768212
A,51,LYS,residue,A,150,SER,residue,0.6622516556291391
A,70,GLN,residue,A,70,GLN,residue,1.9867549668874174
A,32,ILE,residue,A,33,HIS,residue,1.3245033112582782
A,38,THR,residue,A,36,LYS,residue,7.28476821192053
A,48,GLU,residue,A,46,PRO,residue,4.635761589403973
A,138,ASN,residue,A,134,ARG,residue,3.9735099337748347
A,40,LEU,residue,A,20,ALA,residue,1.9867549668874174
A,93,LYS,residue,A,120,ASP,residue,5.960264900662252
A,134,ARG,residue,A,138,ASN,residue,6.622516556291391
A,55,ASP,residue,A,55,ASP,residue,0.6622516556291391
A,93,LYS,residue,A,94,ASN,residue,33.11258278145696
A,79,ASN,residue,A,77,HIS,residue,0.6622516556291391
A,82,SER,residue,A,123,ASP,residue,16.55629139072848
A,96,TRP,residue,A,65,LYS,residue,1.3245033112582782
A,132,ARG,residue,A,128,GLN,residue,0.6622516556291391
A,108,SER,residue,A,105,ALA,residue,0.6622516556291391
A,87,ILE,residue,A,69,MET,residue,3.9735099337748347
A,130,TYR,residue,A,116,PRO,residue,5.960264900662252
A,132,ARG,residue,A,136,SER,residue,0.6622516556291391
A,51,LYS,residue,A,49,GLY,residue,1.3245033112582782
A,54,VAL,residue,A,52,PHE,residue,1.3245033112582782
A,132,ARG,residue,A,129,HIS,residue,0.6622516556291391
A,134,ARG,residue,A,114,GLN,residue,1.3245033112582782
A,93,LYS,residue,A,120,ASP,residue,6.622516556291391
A,6,ARG,residue,A,98,PRO,residue,1.9867549668874174
A,33,HIS,residue,A,33,HIS,residue,0.6622516556291391
A,88,CYS,residue,A,120,ASP,residue,0.6622516556291391
A,119,ASN,residue,A,119,ASN,residue,19.205298013245034
A,73,THR,residue,A,51,LYS,residue,3.9735099337748347
A,119,ASN,residue,A,117,GLU,residue,0.6622516556291391
A,15,LYS,residue,A,12,GLN,residue,0.6622516556291391
A,40,LEU,residue,A,110,GLN,residue,1.3245033112582782
A,108,SER,residue,A,104,SER,residue,2.6490066225165565
A,38,THR,residue,A,37,GLY,residue,1.3245033112582782
A,85,GLY,residue,A,82,SER,residue,3.3112582781456954
A,68,LYS,residue,A,70,GLN,residue,2.6490066225165565
A,77,HIS,residue,A,113,LEU,residue,1.3245033112582782
A,103,LYS,residue,A,17,ASP,residue,11.258278145695364
A,9,LYS,residue,A,10,GLU,residue,1.9867549668874174
A,70,GLN,residue,A,55,ASP,residue,2.6490066225165565
A,70,GLN,residue,A,57,GLU,residue,0.6622516556291391
A,76,TYR,residue,A,129,HIS,residue,5.298013245033113
A,94,ASN,residue,A,90,ASP,residue,1.9867549668874174
A,9,LYS,residue,A,10,GLU,residue,1.3245033112582782
A,12,GLN,residue,A,12,GLN,residue,12.582781456953644
A,88,CYS,residue,A,87,ILE,residue,1.9867549668874174
A,38,THR,residue,A,25,GLU,residue,4.635761589403973
A,94,ASN,residue,A,90,ASP,residue,3.9735099337748347
A,120,ASP,residue,A,117,GLU,residue,5.298013245033113
A,33,HIS,residue,A,34,HIS,residue,0.6622516556291391
A,12,GLN,residue,A,16,ASP,residue,19.867549668874172
A,16,ASP,residue,A,12,GLN,residue,0.6622516556291391
A,93,LYS,residue,A,90,ASP,residue,7.9470198675496695
A,12,GLN,residue,A,16,ASP,residue,13.90728476821192
A,70,GLN,residue,A,70,GLN,residue,0.6622516556291391
A,70,GLN,residue,A,68,LYS,residue,0.6622516556291391
A,79,ASN,residue,A,78,PRO,residue,1.3245033112582782
A,96,TRP,residue,A,64,PHE,residue,3.3112582781456954
A,110,GLN,residue,A,107,ILE,residue,0.6622516556291391
A,6,ARG,residue,A,98,PRO,residue,0.6622516556291391
A,70,GLN,residue,A,55,ASP,residue,7.9470198675496695
A,114,GLN,residue,A,43,PRO,residue,10.596026490066226
A,33,HIS,residue,A,31,ASP,residue,0.6622516556291391
A,81,SER,residue,A,123,ASP,residue,0.6622516556291391
A,57,GLU,residue,A,55,ASP,residue,1.9867549668874174
A,31,ASP,residue,A,30,SER,residue,6.622516556291391
A,3,ARG,residue,A,33,HIS,residue,17.218543046357617
A,75,VAL,residue,A,82,SER,residue,0.6622516556291391
A,122,GLN,residue,A,79,ASN,residue,6.622516556291391
A,3,ARG,residue,A,33,HIS,residue,3.9735099337748347
A,31,ASP,residue,A,31,ASP,residue,3.3112582781456954
A,132,ARG,residue,A,132,ARG,residue,1.3245033112582782
A,28,SER,residue,A,34,HIS,residue,0.6622516556291391
A,35,LEU,residue,A,33,HIS,residue,2.6490066225165565
A,125,GLU,residue,A,125,GLU,residue,7.28476821192053
A,15,LYS,residue,A,12,GLN,residue,1.3245033112582782
A,74,LYS,residue,A,148,TYR,residue,0.6622516556291391
A,139,LYS,residue,A,135,GLU,residue,2.6490066225165565
A,80,ILE,residue,A,78,PRO,residue,3.9735099337748347
A,103,LYS,residue,A,10,GLU,residue,1.9867549668874174
A,128,GLN,residue,A,125,GLU,residue,2.6490066225165565
A,134,ARG,residue,A,130,TYR,residue,23.841059602649008
A,74,LYS,residue,A,148,TYR,residue,1.3245033112582782
A,93,LYS,residue,A,90,ASP,residue,7.28476821192053
A,6,ARG,residue,A,2,SER,residue,0.6622516556291391
A,28,SER,residue,A,30,SER,residue,3.9735099337748347
A,70,GLN,residue,A,68,LYS,residue,0.6622516556291391
A,83,VAL,residue,A,123,ASP,residue,0.6622516556291391
A,28,SER,residue,A,31,ASP,residue,0.6622516556291391
A,122,GLN,residue,A,81,SER,residue,2.6490066225165565
A,103,LYS,residue,A,13,ALA,residue,10.596026490066226
A,22,ILE,residue,A,20,ALA,residue,2.6490066225165565
A,86,ALA,residue,A,81,SER,residue,1.3245033112582782
A,102,LEU,residue,A,62,TYR,residue,10.596026490066226
A,115,SER,residue,A,111,ALA,residue,1.3245033112582782
A,150,SER,residue,A,49,GLY,residue,1.3245033112582782
A,82,SER,residue,A,123,ASP,residue,11.258278145695364
A,110,GLN,residue,A,21,HIS,residue,1.3245033112582782
A,146,ARG,residue,A,142,ALA,residue,1.9867549668874174
A,83,VAL,residue,A,123,ASP,residue,1.3245033112582782
A,70,GLN,residue,A,71,PHE,residue,2.6490066225165565
A,115,SER,residue,A,115,SER,residue,0.6622516556291391
A,125,GLU,residue,A,125,GLU,residue,0.6622516556291391
A,68,LYS,residue,A,55,ASP,residue,1.3245033112582782
A,93,LYS,residue,A,90,ASP,residue,7.28476821192053
A,146,ARG,residue,A,142,ALA,residue,0.6622516556291391
A,110,GLN,residue,A,21,HIS,residue,0.6622516556291391
A,122,GLN,residue,A,87,ILE,residue,3.9735099337748347
A,16,ASP,residue,A,16,ASP,residue,1.3245033112582782
A,81,SER,residue,A,85,GLY,residue,0.6622516556291391
A,29,GLU,residue,A,29,GLU,residue,0.6622516556291391
A,36,LYS,residue,A,72,ASP,residue,0.6622516556291391
A,65,LYS,residue,A,63,PRO,residue,1.3245033112582782
A,93,LYS,residue,A,120,ASP,residue,9.933774834437086
A,93,LYS,residue,A,120,ASP,residue,5.298013245033113
A,136,SER,residue,A,129,HIS,residue,0.6622516556291391
A,103,LYS,residue,A,17,ASP,residue,13.245033112582782
A,122,GLN,residue,A,87,ILE,residue,0.6622516556291391
A,3,ARG,residue,A,30,SER,residue,1.9867549668874174
A,23,THR,residue,A,21,HIS,residue,0.6622516556291391
A,88,CYS,residue,A,122,GLN,residue,3.9735099337748347
A,93,LYS,residue,A,120,ASP,residue,9.933774834437086
A,122,GLN,residue,A,88,CYS,residue,3.9735099337748347
A,136,SER,residue,A,133,ASP,residue,2.6490066225165565
A,15,LYS,residue,A,12,GLN,residue,1.3245033112582782
A,17,ASP,residue,A,17,ASP,residue,1.3245033112582782
A,99,VAL,residue,A,97,SER,residue,1.3245033112582782
A,53,VAL,residue,A,51,LYS,residue,0.6622516556291391
A,70,GLN,residue,A,72,ASP,residue,0.6622516556291391
A,38,THR,residue,A,36,LYS,residue,0.6622516556291391
A,60,MET,residue,A,60,MET,residue,1.3245033112582782
A,68,LYS,residue,A,70,GLN,residue,1.9867549668874174
A,115,SER,residue,A,114,GLN,residue,0.6622516556291391
A,68,LYS,residue,A,70,GLN,residue,3.9735099337748347
A,29,GLU,residue,A,28,SER,residue,0.6622516556291391
A,114,GLN,residue,A,110,GLN,residue,5.298013245033113
A,17,ASP,residue,A,17,ASP,residue,0.6622516556291391
A,74,LYS,residue,A,148,TYR,residue,0.6622516556291391
A,41,GLY,residue,A,47,TYR,residue,0.6622516556291391
A,23,THR,residue,A,22,ILE,residue,0.6622516556291391
A,74,LYS,residue,A,83,VAL,residue,1.3245033112582782
A,74,LYS,residue,A,83,VAL,residue,0.6622516556291391
A,36,LYS,residue,A,55,ASP,residue,0.6622516556291391
A,36,LYS,residue,A,72,ASP,residue,1.3245033112582782
A,36,LYS,residue,A,72,ASP,residue,0.6622516556291391
A,36,LYS,residue,A,72,ASP,residue,0.6622516556291391
A,15,LYS,residue,A,12,GLN,residue,0.6622516556291391
A,25,GLU,residue,A,23,THR,residue,1.3245033112582782
A,132,ARG,residue,A,129,HIS,residue,0.6622516556291391
A,132,ARG,residue,A,129,HIS,residue,0.6622516556291391
A,56,ILE,residue,A,54,VAL,residue,0.6622516556291391
A,93,LYS,residue,A,120,ASP,residue,3.3112582781456954
A,103,LYS,residue,A,16,ASP,residue,0.6622516556291391
A,21,HIS,residue,A,17,ASP,residue,0.6622516556291391
A,27,VAL,residue,A,28,SER,residue,0.6622516556291391
A,132,ARG,residue,A,129,HIS,residue,0.6622516556291391
A,33,HIS,residue,A,57,GLU,residue,0.6622516556291391
A,132,ARG,residue,A,128,GLN,residue,0.6622516556291391
A,3,ARG,residue,A,60,MET,residue,1.3245033112582782
A,88,CYS,residue,A,79,ASN,residue,1.3245033112582782
A,124,ALA,residue,A,122,GLN,residue,0.6622516556291391
A,134,ARG,residue,A,131,LEU,residue,3.3112582781456954
A,139,LYS,residue,A,135,GLU,residue,1.9867549668874174
A,88,CYS,residue,A,86,ALA,residue,0.6622516556291391
A,132,ARG,residue,A,129,HIS,residue,0.6622516556291391
A,6,ARG,residue,A,62,TYR,residue,1.3245033112582782
A,3,ARG,residue,A,30,SER,residue,0.6622516556291391
A,70,GLN,residue,A,72,ASP,residue,0.6622516556291391
A,104,SER,residue,A,101,THR,residue,0.6622516556291391
A,51,LYS,residue,A,149,ALA,residue,0.6622516556291391
A,5,LYS,residue,A,12,GLN,residue,0.6622516556291391
A,5,LYS,residue,A,12,GLN,residue,0.6622516556291391
A,139,LYS,residue,A,135,GLU,residue,1.3245033112582782
A,97,SER,residue,A,95,ALA,residue,0.6622516556291391
A,101,THR,residue,A,104,SER,residue,0.6622516556291391
A,51,LYS,residue,A,51,LYS,residue,0.6622516556291391
A,28,SER,residue,A,26,PHE,residue,0.6622516556291391
A,122,GLN,residue,A,121,PRO,residue,0.6622516556291391
A,74,LYS,residue,A,83,VAL,residue,0.6622516556291391
