SYSTEM,3,ASN,ND2,SYSTEM,23,GLU,OE1,3.3966033966033966
SYSTEM,3,ASN,ND2,SYSTEM,23,GLU,OE2,4.295704295704296
SYSTEM,19,ARG,NE,SYSTEM,9,ASP,OD1,92.10789210789211
SYSTEM,19,ARG,NE,SYSTEM,9,ASP,OD2,91.80819180819181
SYSTEM,19,ARG,NH2,SYSTEM,9,ASP,OD1,98.001998001998
SYSTEM,19,ARG,NH2,SYSTEM,9,ASP,OD2,96.30369630369631
SYSTEM,21,SER,OG,SYSTEM,134,GLU,OE2,1.2987012987012987
SYSTEM,31,LYS,NZ,SYSTEM,84,GLU,OE1,4.295704295704296
SYSTEM,31,LYS,NZ,SYSTEM,84,GLU,OE2,4.195804195804196
SYSTEM,32,THR,OG1,SYSTEM,86,GLU,OE1,24.375624375624376
SYSTEM,37,ARG,NE,SYSTEM,34,GLU,OE1,95.1048951048951
SYSTEM,37,ARG,NE,SYSTEM,34,GLU,OE2,95.4045954045954
SYSTEM,37,ARG,NH1,SYSTEM,163,GLN,OE1,94.7052947052947
SYSTEM,37,ARG,NH1,SYSTEM,43,GLU,OE1,91.10889110889111
SYSTEM,37,ARG,NH1,SYSTEM,43,GLU,OE2,91.00899100899102
SYSTEM,37,ARG,NH2,SYSTEM,34,GLU,OE2,91.70829170829171
SYSTEM,37,ARG,NH2,SYSTEM,43,GLU,OE1,95.00499500499501
SYSTEM,41,THR,OG1,SYSTEM,43,GLU,OE2,53.446553446553445
SYSTEM,49,LYS,NZ,SYSTEM,160,ASP,OD1,19.38061938061938
SYSTEM,49,LYS,NZ,SYSTEM,160,ASP,OD2,18.181818181818183
SYSTEM,55,ARG,NH1,SYSTEM,63,GLN,OE1,14.285714285714285
SYSTEM,63,GLN,NE2,SYSTEM,54,HIS,NE2,52.14785214785215
SYSTEM,69,ARG,NH1,SYSTEM,73,THR,OG1,20.37962037962038
SYSTEM,76,LYS,NZ,SYSTEM,81,GLU,OE1,0.1998001998001998
SYSTEM,76,LYS,NZ,SYSTEM,81,GLU,OE2,0.2997002997002997
SYSTEM,92,HIS,ND1,SYSTEM,123,ASP,OD1,63.93606393606394
SYSTEM,99,SER,OG,SYSTEM,92,HIS,NE2,99.9000999000999
SYSTEM,108,ASN,ND2,SYSTEM,85,ASP,OD1,6.993006993006993
SYSTEM,115,CYS,SG,SYSTEM,119,THR,OG1,55.14485514485514
SYSTEM,116,THR,OG1,SYSTEM,143,GLU,OE1,63.13686313686314
SYSTEM,116,THR,OG1,SYSTEM,143,GLU,OE2,62.437562437562434
SYSTEM,133,LYS,NZ,SYSTEM,23,GLU,OE2,15.084915084915085
SYSTEM,133,LYS,NZ,SYSTEM,5,THR,OG1,9.89010989010989
SYSTEM,154,LYS,NZ,SYSTEM,13,ASP,OD1,11.38861138861139
SYSTEM,155,LYS,NZ,SYSTEM,13,ASP,OD1,5.994005994005994
SYSTEM,155,LYS,NZ,SYSTEM,13,ASP,OD2,4.395604395604396
SYSTEM,31,LYS,NZ,SYSTEM,84,GLU,OE1,5.894105894105895
SYSTEM,31,LYS,NZ,SYSTEM,84,GLU,OE2,5.094905094905095
SYSTEM,37,ARG,NH2,SYSTEM,34,GLU,OE1,90.40959040959041
SYSTEM,37,ARG,NH2,SYSTEM,43,GLU,OE2,95.1048951048951
SYSTEM,41,THR,OG1,SYSTEM,43,GLU,OE1,51.84815184815184
SYSTEM,49,LYS,NZ,SYSTEM,160,ASP,OD1,19.78021978021978
SYSTEM,49,LYS,NZ,SYSTEM,160,ASP,OD2,20.37962037962038
SYSTEM,55,ARG,NH1,SYSTEM,63,GLN,NE2,4.795204795204795
SYSTEM,69,ARG,NE,SYSTEM,68,THR,OG1,0.5994005994005994
SYSTEM,76,LYS,NZ,SYSTEM,81,GLU,OE1,0.1998001998001998
SYSTEM,118,LYS,NZ,SYSTEM,120,GLU,OE2,12.287712287712289
SYSTEM,133,LYS,NZ,SYSTEM,23,GLU,OE2,14.785214785214784
SYSTEM,137,ASN,ND2,SYSTEM,140,GLU,OE1,9.89010989010989
SYSTEM,144,ARG,NH2,SYSTEM,140,GLU,OE1,3.5964035964035967
SYSTEM,155,LYS,NZ,SYSTEM,13,ASP,OD2,4.095904095904096
SYSTEM,49,LYS,NZ,SYSTEM,160,ASP,OD1,20.67932067932068
SYSTEM,49,LYS,NZ,SYSTEM,160,ASP,OD2,21.278721278721278
SYSTEM,62,CYS,SG,SYSTEM,142,MET,SD,15.884115884115884
SYSTEM,82,LYS,NZ,SYSTEM,81,GLU,OE1,1.3986013986013985
SYSTEM,82,LYS,NZ,SYSTEM,81,GLU,OE2,1.3986013986013985
SYSTEM,131,LYS,NZ,SYSTEM,23,GLU,OE1,6.093906093906094
SYSTEM,133,LYS,NZ,SYSTEM,23,GLU,OE1,12.787212787212788
SYSTEM,144,ARG,NH2,SYSTEM,140,GLU,OE2,5.294705294705294
SYSTEM,155,LYS,NZ,SYSTEM,13,ASP,OD1,4.395604395604396
SYSTEM,82,LYS,NZ,SYSTEM,81,GLU,OE1,1.7982017982017984
SYSTEM,82,LYS,NZ,SYSTEM,81,GLU,OE2,1.998001998001998
SYSTEM,108,ASN,ND2,SYSTEM,85,ASP,OD2,3.296703296703297
SYSTEM,118,LYS,NZ,SYSTEM,120,GLU,OE2,11.38861138861139
SYSTEM,133,LYS,NZ,SYSTEM,23,GLU,OE1,13.486513486513488
SYSTEM,133,LYS,NZ,SYSTEM,5,THR,OG1,10.88911088911089
SYSTEM,149,ASN,ND2,SYSTEM,147,SER,OG,4.695304695304695
SYSTEM,154,LYS,NZ,SYSTEM,13,ASP,OD1,11.188811188811188
SYSTEM,155,LYS,NZ,SYSTEM,13,ASP,OD1,4.395604395604396
SYSTEM,155,LYS,NZ,SYSTEM,13,ASP,OD2,4.295704295704296
SYSTEM,31,LYS,NZ,SYSTEM,84,GLU,OE1,4.295704295704296
SYSTEM,37,ARG,NH1,SYSTEM,163,GLN,NE2,14.085914085914087
SYSTEM,44,LYS,NZ,SYSTEM,43,GLU,OE2,0.999000999000999
SYSTEM,52,CYS,SG,SYSTEM,70,HIS,NE2,2.797202797202797
SYSTEM,55,ARG,NE,SYSTEM,63,GLN,OE1,21.47852147852148
SYSTEM,55,ARG,NH2,SYSTEM,63,GLN,OE1,21.37862137862138
SYSTEM,55,ARG,NH2,SYSTEM,63,GLN,NE2,13.786213786213786
SYSTEM,82,LYS,NZ,SYSTEM,81,GLU,OE2,2.197802197802198
SYSTEM,137,ASN,ND2,SYSTEM,140,GLU,OE2,11.688311688311687
SYSTEM,154,LYS,NZ,SYSTEM,13,ASP,OD2,11.688311688311687
SYSTEM,52,CYS,SG,SYSTEM,157,THR,OG1,18.48151848151848
SYSTEM,63,GLN,NE2,SYSTEM,111,GLN,OE1,19.58041958041958
SYSTEM,71,ASN,ND2,SYSTEM,73,THR,OG1,2.5974025974025974
SYSTEM,73,THR,OG1,SYSTEM,71,ASN,OD1,13.186813186813188
SYSTEM,131,LYS,NZ,SYSTEM,23,GLU,OE1,7.6923076923076925
SYSTEM,144,ARG,NE,SYSTEM,140,GLU,OE1,0.999000999000999
SYSTEM,144,ARG,NE,SYSTEM,140,GLU,OE2,1.4985014985014986
SYSTEM,144,ARG,NH2,SYSTEM,140,GLU,OE2,3.896103896103896
SYSTEM,148,ARG,NE,SYSTEM,149,ASN,OD1,3.3966033966033966
SYSTEM,154,LYS,NZ,SYSTEM,13,ASP,OD2,13.086913086913087
SYSTEM,102,ASN,ND2,SYSTEM,126,HIS,NE2,1.4985014985014986
SYSTEM,131,LYS,NZ,SYSTEM,23,GLU,OE2,6.993006993006993
SYSTEM,133,LYS,NZ,SYSTEM,23,GLU,OE1,15.084915084915085
SYSTEM,28,LYS,NZ,SYSTEM,27,ASP,OD1,1.6983016983016983
SYSTEM,28,LYS,NZ,SYSTEM,27,ASP,OD2,1.7982017982017984
SYSTEM,31,LYS,NZ,SYSTEM,81,GLU,OE1,5.694305694305695
SYSTEM,102,ASN,ND2,SYSTEM,108,ASN,OD1,30.069930069930066
SYSTEM,3,ASN,ND2,SYSTEM,27,ASP,OD1,0.1998001998001998
SYSTEM,3,ASN,ND2,SYSTEM,27,ASP,OD2,0.1998001998001998
SYSTEM,31,LYS,NZ,SYSTEM,84,GLU,OE2,4.195804195804196
SYSTEM,37,ARG,NH1,SYSTEM,41,THR,OG1,31.56843156843157
SYSTEM,131,LYS,NZ,SYSTEM,23,GLU,OE2,6.093906093906094
SYSTEM,102,ASN,ND2,SYSTEM,85,ASP,OD1,2.3976023976023977
SYSTEM,131,LYS,NZ,SYSTEM,23,GLU,OE1,6.293706293706294
SYSTEM,102,ASN,ND2,SYSTEM,126,HIS,ND1,3.4965034965034967
SYSTEM,91,LYS,NZ,SYSTEM,123,ASP,OD2,14.885114885114886
SYSTEM,154,LYS,NZ,SYSTEM,13,ASP,OD1,12.387612387612387
SYSTEM,154,LYS,NZ,SYSTEM,13,ASP,OD2,13.186813186813188
SYSTEM,155,LYS,NZ,SYSTEM,70,HIS,NE2,0.1998001998001998
SYSTEM,91,LYS,NZ,SYSTEM,123,ASP,OD1,12.287712287712289
SYSTEM,92,HIS,ND1,SYSTEM,123,ASP,OD2,56.943056943056945
SYSTEM,125,LYS,NZ,SYSTEM,126,HIS,NE2,2.4975024975024978
SYSTEM,71,ASN,ND2,SYSTEM,73,THR,OG1,16.683316683316683
SYSTEM,111,GLN,NE2,SYSTEM,54,HIS,NE2,0.5994005994005994
SYSTEM,118,LYS,NZ,SYSTEM,120,GLU,OE1,10.48951048951049
SYSTEM,118,LYS,NZ,SYSTEM,120,GLU,OE2,11.38861138861139
SYSTEM,126,HIS,ND1,SYSTEM,102,ASN,OD1,4.295704295704296
SYSTEM,148,ARG,NH2,SYSTEM,149,ASN,OD1,2.097902097902098
SYSTEM,155,LYS,NZ,SYSTEM,70,HIS,NE2,0.0999000999000999
SYSTEM,157,THR,OG1,SYSTEM,52,CYS,SG,7.292707292707293
SYSTEM,125,LYS,NZ,SYSTEM,126,HIS,NE2,2.3976023976023977
SYSTEM,125,LYS,NZ,SYSTEM,102,ASN,OD1,1.4985014985014986
SYSTEM,118,LYS,NZ,SYSTEM,120,GLU,OE1,10.38961038961039
SYSTEM,63,GLN,NE2,SYSTEM,111,GLN,NE2,4.195804195804196
SYSTEM,102,ASN,ND2,SYSTEM,85,ASP,OD2,1.5984015984015985
SYSTEM,111,GLN,NE2,SYSTEM,63,GLN,NE2,0.4995004995004995
SYSTEM,69,ARG,NE,SYSTEM,71,ASN,OD1,2.097902097902098
SYSTEM,69,ARG,NE,SYSTEM,73,THR,OG1,0.7992007992007992
SYSTEM,118,LYS,NZ,SYSTEM,120,GLU,OE1,10.789210789210788
SYSTEM,133,LYS,NZ,SYSTEM,5,THR,OG1,13.186813186813188
SYSTEM,118,LYS,NZ,SYSTEM,123,ASP,OD1,0.0999000999000999
SYSTEM,144,ARG,NH2,SYSTEM,140,GLU,OE1,6.693306693306693
SYSTEM,144,ARG,NH1,SYSTEM,140,GLU,OE2,3.3966033966033966
SYSTEM,91,LYS,NZ,SYSTEM,123,ASP,OD1,12.487512487512488
SYSTEM,91,LYS,NZ,SYSTEM,123,ASP,OD2,13.586413586413586
SYSTEM,44,LYS,NZ,SYSTEM,43,GLU,OE1,0.5994005994005994
SYSTEM,77,SER,OG,SYSTEM,35,ASN,OD1,27.872127872127873
SYSTEM,91,LYS,NZ,SYSTEM,123,ASP,OD1,12.087912087912088
SYSTEM,91,LYS,NZ,SYSTEM,123,ASP,OD2,13.786213786213786
SYSTEM,133,LYS,NZ,SYSTEM,23,GLU,OE2,13.086913086913087
SYSTEM,55,ARG,NE,SYSTEM,63,GLN,NE2,3.096903096903097
SYSTEM,91,LYS,NZ,SYSTEM,120,GLU,OE1,0.1998001998001998
SYSTEM,91,LYS,NZ,SYSTEM,120,GLU,OE2,0.1998001998001998
SYSTEM,119,THR,OG1,SYSTEM,92,HIS,ND1,22.577422577422578
SYSTEM,119,THR,OG1,SYSTEM,92,HIS,NE2,24.175824175824175
SYSTEM,28,LYS,NZ,SYSTEM,27,ASP,OD1,1.098901098901099
SYSTEM,28,LYS,NZ,SYSTEM,27,ASP,OD2,1.5984015984015985
SYSTEM,31,LYS,NZ,SYSTEM,86,GLU,OE2,8.291708291708291
SYSTEM,31,LYS,NZ,SYSTEM,86,GLU,OE1,5.594405594405594
SYSTEM,31,LYS,NZ,SYSTEM,86,GLU,OE2,7.392607392607392
SYSTEM,31,LYS,NZ,SYSTEM,86,GLU,OE1,5.394605394605394
SYSTEM,63,GLN,NE2,SYSTEM,61,MET,SD,1.1988011988011988
SYSTEM,31,LYS,NZ,SYSTEM,86,GLU,OE1,7.892107892107893
SYSTEM,31,LYS,NZ,SYSTEM,86,GLU,OE2,10.18981018981019
SYSTEM,119,THR,OG1,SYSTEM,115,CYS,SG,2.997002997002997
SYSTEM,151,LYS,NZ,SYSTEM,153,SER,OG,0.3996003996003996
SYSTEM,151,LYS,NZ,SYSTEM,71,ASN,OD1,0.4995004995004995
SYSTEM,155,LYS,NZ,SYSTEM,52,CYS,SG,0.0999000999000999
SYSTEM,155,LYS,NZ,SYSTEM,157,THR,OG1,1.098901098901099
SYSTEM,102,ASN,ND2,SYSTEM,107,THR,OG1,6.093906093906094
SYSTEM,102,ASN,ND2,SYSTEM,108,ASN,OD1,0.6993006993006993
SYSTEM,131,LYS,NZ,SYSTEM,93,THR,OG1,0.3996003996003996
SYSTEM,111,GLN,NE2,SYSTEM,63,GLN,OE1,0.0999000999000999
SYSTEM,125,LYS,NZ,SYSTEM,102,ASN,OD1,1.3986013986013985
SYSTEM,144,ARG,NH1,SYSTEM,143,GLU,OE1,1.3986013986013985
SYSTEM,35,ASN,ND2,SYSTEM,48,TYR,OH,0.7992007992007992
SYSTEM,144,ARG,NH2,SYSTEM,143,GLU,OE1,0.8991008991008992
SYSTEM,106,ASN,ND2,SYSTEM,84,GLU,OE2,0.2997002997002997
SYSTEM,155,LYS,NZ,SYSTEM,52,CYS,SG,0.3996003996003996
SYSTEM,144,ARG,NH2,SYSTEM,143,GLU,OE2,0.1998001998001998
SYSTEM,106,ASN,ND2,SYSTEM,84,GLU,OE2,0.999000999000999
SYSTEM,106,ASN,ND2,SYSTEM,85,ASP,OD1,2.097902097902098
SYSTEM,106,ASN,ND2,SYSTEM,85,ASP,OD2,2.5974025974025974
SYSTEM,32,THR,OG1,SYSTEM,86,GLU,OE2,12.187812187812188
SYSTEM,144,ARG,NH1,SYSTEM,140,GLU,OE1,2.897102897102897
SYSTEM,19,ARG,NH2,SYSTEM,160,ASP,OD1,0.0999000999000999
SYSTEM,151,LYS,NZ,SYSTEM,153,SER,OG,0.5994005994005994
SYSTEM,82,LYS,NZ,SYSTEM,81,GLU,OE1,2.2977022977022976
SYSTEM,62,CYS,SG,SYSTEM,116,THR,OG1,0.7992007992007992
SYSTEM,149,ASN,ND2,SYSTEM,147,SER,OG,0.6993006993006993
SYSTEM,28,LYS,NZ,SYSTEM,27,ASP,OD1,2.4975024975024978
SYSTEM,28,LYS,NZ,SYSTEM,27,ASP,OD2,2.897102897102897
SYSTEM,131,LYS,NZ,SYSTEM,23,GLU,OE2,6.393606393606394
SYSTEM,63,GLN,NE2,SYSTEM,61,MET,SD,0.2997002997002997
SYSTEM,44,LYS,NZ,SYSTEM,43,GLU,OE2,0.999000999000999
SYSTEM,155,LYS,NZ,SYSTEM,152,THR,OG1,0.0999000999000999
SYSTEM,133,LYS,NZ,SYSTEM,21,SER,OG,0.1998001998001998
SYSTEM,154,LYS,NZ,SYSTEM,15,GLU,OE1,0.2997002997002997
SYSTEM,35,ASN,ND2,SYSTEM,77,SER,OG,0.3996003996003996
SYSTEM,133,LYS,NZ,SYSTEM,134,GLU,OE2,0.2997002997002997
SYSTEM,147,SER,OG,SYSTEM,149,ASN,OD1,4.595404595404595
SYSTEM,111,GLN,NE2,SYSTEM,66,ASP,OD2,2.897102897102897
SYSTEM,108,ASN,ND2,SYSTEM,102,ASN,OD1,0.2997002997002997
SYSTEM,31,LYS,NZ,SYSTEM,79,TYR,OH,0.1998001998001998
SYSTEM,55,ARG,NH2,SYSTEM,71,ASN,OD1,0.1998001998001998
SYSTEM,79,TYR,OH,SYSTEM,84,GLU,OE1,1.5984015984015985
SYSTEM,108,ASN,ND2,SYSTEM,85,ASP,OD1,22.577422577422578
SYSTEM,108,ASN,ND2,SYSTEM,85,ASP,OD2,21.77822177822178
SYSTEM,31,LYS,NZ,SYSTEM,79,TYR,OH,0.3996003996003996
SYSTEM,3,ASN,ND2,SYSTEM,23,GLU,OE2,26.673326673326674
SYSTEM,3,ASN,ND2,SYSTEM,23,GLU,OE1,30.66933066933067
SYSTEM,87,ASN,ND2,SYSTEM,86,GLU,OE2,0.6993006993006993
SYSTEM,125,LYS,NZ,SYSTEM,126,HIS,NE2,2.4975024975024978
SYSTEM,79,TYR,OH,SYSTEM,84,GLU,OE2,1.7982017982017984
SYSTEM,69,ARG,NH2,SYSTEM,71,ASN,OD1,0.4995004995004995
SYSTEM,155,LYS,NZ,SYSTEM,157,THR,OG1,0.5994005994005994
SYSTEM,155,LYS,NZ,SYSTEM,157,THR,OG1,0.3996003996003996
SYSTEM,154,LYS,NZ,SYSTEM,15,GLU,OE2,0.1998001998001998
SYSTEM,69,ARG,NH2,SYSTEM,81,GLU,OE1,0.1998001998001998
SYSTEM,35,ASN,ND2,SYSTEM,100,MET,SD,2.097902097902098
SYSTEM,125,LYS,NZ,SYSTEM,126,HIS,ND1,0.0999000999000999
SYSTEM,76,LYS,NZ,SYSTEM,81,GLU,OE2,0.1998001998001998
SYSTEM,21,SER,OG,SYSTEM,134,GLU,OE1,1.1988011988011988
SYSTEM,76,LYS,NZ,SYSTEM,81,GLU,OE1,0.1998001998001998
SYSTEM,76,LYS,NZ,SYSTEM,81,GLU,OE2,0.1998001998001998
SYSTEM,44,LYS,NZ,SYSTEM,43,GLU,OE1,0.3996003996003996
SYSTEM,106,ASN,ND2,SYSTEM,84,GLU,OE1,1.3986013986013985
SYSTEM,82,LYS,NZ,SYSTEM,84,GLU,OE1,4.295704295704296
SYSTEM,82,LYS,NZ,SYSTEM,84,GLU,OE1,4.395604395604396
SYSTEM,102,ASN,ND2,SYSTEM,85,ASP,OD2,5.794205794205794
SYSTEM,55,ARG,NH1,SYSTEM,61,MET,SD,0.0999000999000999
SYSTEM,108,ASN,ND2,SYSTEM,102,ASN,OD1,1.098901098901099
SYSTEM,125,LYS,NZ,SYSTEM,126,HIS,ND1,0.3996003996003996
SYSTEM,125,LYS,NZ,SYSTEM,102,ASN,OD1,0.8991008991008992
SYSTEM,148,ARG,NH1,SYSTEM,149,ASN,OD1,0.2997002997002997
SYSTEM,82,LYS,NZ,SYSTEM,84,GLU,OE2,3.696303696303696
SYSTEM,3,ASN,ND2,SYSTEM,27,ASP,OD1,3.296703296703297
SYSTEM,3,ASN,ND2,SYSTEM,27,ASP,OD2,3.196803196803197
SYSTEM,137,ASN,ND2,SYSTEM,134,GLU,OE1,0.0999000999000999
SYSTEM,161,CYS,SG,SYSTEM,40,SER,OG,0.2997002997002997
SYSTEM,115,CYS,SG,SYSTEM,92,HIS,NE2,2.997002997002997
SYSTEM,87,ASN,ND2,SYSTEM,86,GLU,OE1,0.3996003996003996
SYSTEM,163,GLN,NE2,SYSTEM,43,GLU,OE2,0.1998001998001998
SYSTEM,126,HIS,ND1,SYSTEM,99,SER,OG,0.3996003996003996
SYSTEM,44,LYS,NZ,SYSTEM,43,GLU,OE1,1.1988011988011988
SYSTEM,151,LYS,NZ,SYSTEM,153,SER,OG,0.1998001998001998
SYSTEM,69,ARG,NH2,SYSTEM,81,GLU,OE2,0.0999000999000999
SYSTEM,147,SER,OG,SYSTEM,152,THR,OG1,0.2997002997002997
SYSTEM,99,SER,OG,SYSTEM,92,HIS,ND1,0.5994005994005994
SYSTEM,82,LYS,NZ,SYSTEM,107,THR,OG1,0.6993006993006993
SYSTEM,82,LYS,NZ,SYSTEM,84,GLU,OE2,3.996003996003996
SYSTEM,82,LYS,NZ,SYSTEM,107,THR,OG1,0.4995004995004995
SYSTEM,102,ASN,ND2,SYSTEM,85,ASP,OD1,4.595404595404595
SYSTEM,108,ASN,ND2,SYSTEM,100,MET,SD,0.0999000999000999
SYSTEM,55,ARG,NH2,SYSTEM,71,ASN,OD1,0.5994005994005994
SYSTEM,44,LYS,NZ,SYSTEM,43,GLU,OE2,0.5994005994005994
SYSTEM,70,HIS,ND1,SYSTEM,52,CYS,SG,0.6993006993006993
SYSTEM,144,ARG,NH2,SYSTEM,137,ASN,OD1,0.0999000999000999
SYSTEM,144,ARG,NH1,SYSTEM,143,GLU,OE2,0.1998001998001998
SYSTEM,52,CYS,SG,SYSTEM,70,HIS,ND1,0.4995004995004995
SYSTEM,82,LYS,NZ,SYSTEM,84,GLU,OE1,4.395604395604396
SYSTEM,82,LYS,NZ,SYSTEM,84,GLU,OE2,4.695304695304695
SYSTEM,125,LYS,NZ,SYSTEM,126,HIS,ND1,0.2997002997002997
SYSTEM,82,LYS,NZ,SYSTEM,107,THR,OG1,0.4995004995004995
SYSTEM,131,LYS,NZ,SYSTEM,93,THR,OG1,0.1998001998001998
SYSTEM,102,ASN,ND2,SYSTEM,126,HIS,NE2,0.4995004995004995
SYSTEM,77,SER,OG,SYSTEM,108,ASN,OD1,1.1988011988011988
SYSTEM,111,GLN,NE2,SYSTEM,66,ASP,OD1,0.1998001998001998
SYSTEM,110,SER,OG,SYSTEM,111,GLN,OE1,0.5994005994005994
SYSTEM,55,ARG,NH2,SYSTEM,54,HIS,NE2,0.0999000999000999
SYSTEM,108,ASN,ND2,SYSTEM,77,SER,OG,3.296703296703297
SYSTEM,106,ASN,ND2,SYSTEM,85,ASP,OD2,0.1998001998001998
SYSTEM,31,LYS,NZ,SYSTEM,81,GLU,OE1,4.495504495504496
SYSTEM,31,LYS,NZ,SYSTEM,81,GLU,OE2,4.795204795204795
SYSTEM,31,LYS,NZ,SYSTEM,81,GLU,OE2,5.694305694305695
SYSTEM,106,ASN,ND2,SYSTEM,85,ASP,OD1,0.0999000999000999
SYSTEM,31,LYS,NZ,SYSTEM,81,GLU,OE1,4.795204795204795
SYSTEM,31,LYS,NZ,SYSTEM,81,GLU,OE2,4.895104895104895
SYSTEM,87,ASN,ND2,SYSTEM,86,GLU,OE1,2.2977022977022976
SYSTEM,125,LYS,NZ,SYSTEM,85,ASP,OD1,0.0999000999000999
SYSTEM,87,ASN,ND2,SYSTEM,86,GLU,OE2,1.3986013986013985
SYSTEM,35,ASN,ND2,SYSTEM,100,MET,SD,1.998001998001998
SYSTEM,35,ASN,ND2,SYSTEM,48,TYR,OH,1.4985014985014986
SYSTEM,133,LYS,NZ,SYSTEM,134,GLU,OE2,0.1998001998001998
SYSTEM,32,THR,OG1,SYSTEM,85,ASP,OD2,0.3996003996003996
SYSTEM,154,LYS,NZ,SYSTEM,15,GLU,OE1,0.0999000999000999
SYSTEM,151,LYS,NZ,SYSTEM,71,ASN,OD1,0.7992007992007992
SYSTEM,154,LYS,NZ,SYSTEM,15,GLU,OE1,0.0999000999000999
SYSTEM,108,ASN,ND2,SYSTEM,32,THR,OG1,0.0999000999000999
SYSTEM,82,LYS,NZ,SYSTEM,86,GLU,OE1,0.2997002997002997
SYSTEM,82,LYS,NZ,SYSTEM,86,GLU,OE2,0.1998001998001998
SYSTEM,44,LYS,NZ,SYSTEM,34,GLU,OE2,0.1998001998001998
SYSTEM,44,LYS,NZ,SYSTEM,79,TYR,OH,0.1998001998001998
SYSTEM,82,LYS,NZ,SYSTEM,106,ASN,OD1,0.2997002997002997
SYSTEM,106,ASN,ND2,SYSTEM,84,GLU,OE1,0.1998001998001998
SYSTEM,82,LYS,NZ,SYSTEM,106,ASN,OD1,0.4995004995004995
SYSTEM,107,THR,OG1,SYSTEM,106,ASN,OD1,0.0999000999000999
SYSTEM,31,LYS,NZ,SYSTEM,79,TYR,OH,0.3996003996003996
SYSTEM,35,ASN,ND2,SYSTEM,77,SER,OG,17.482517482517483
SYSTEM,82,LYS,NZ,SYSTEM,108,ASN,OD1,0.2997002997002997
SYSTEM,151,LYS,NZ,SYSTEM,71,ASN,OD1,0.2997002997002997
SYSTEM,82,LYS,NZ,SYSTEM,108,ASN,OD1,0.7992007992007992
SYSTEM,79,TYR,OH,SYSTEM,34,GLU,OE1,0.8991008991008992
SYSTEM,151,LYS,NZ,SYSTEM,152,THR,OG1,0.0999000999000999
SYSTEM,154,LYS,NZ,SYSTEM,153,SER,OG,0.0999000999000999
SYSTEM,32,THR,OG1,SYSTEM,85,ASP,OD1,0.2997002997002997
SYSTEM,82,LYS,NZ,SYSTEM,85,ASP,OD1,1.2987012987012987
SYSTEM,82,LYS,NZ,SYSTEM,85,ASP,OD2,1.3986013986013985
SYSTEM,110,SER,OG,SYSTEM,111,GLN,NE2,0.0999000999000999
SYSTEM,133,LYS,NZ,SYSTEM,134,GLU,OE1,0.1998001998001998
SYSTEM,82,LYS,NZ,SYSTEM,108,ASN,OD1,0.2997002997002997
SYSTEM,155,LYS,NZ,SYSTEM,70,HIS,NE2,0.0999000999000999
SYSTEM,82,LYS,NZ,SYSTEM,85,ASP,OD1,0.999000999000999
SYSTEM,82,LYS,NZ,SYSTEM,85,ASP,OD2,0.6993006993006993
SYSTEM,82,LYS,NZ,SYSTEM,85,ASP,OD1,0.6993006993006993
SYSTEM,82,LYS,NZ,SYSTEM,85,ASP,OD2,0.999000999000999
SYSTEM,161,CYS,SG,SYSTEM,160,ASP,OD1,0.0999000999000999
SYSTEM,115,CYS,SG,SYSTEM,61,MET,SD,0.1998001998001998
SYSTEM,131,LYS,NZ,SYSTEM,93,THR,OG1,0.3996003996003996
SYSTEM,133,LYS,NZ,SYSTEM,134,GLU,OE1,0.2997002997002997
SYSTEM,111,GLN,NE2,SYSTEM,63,GLN,NE2,0.4995004995004995
SYSTEM,76,LYS,NZ,SYSTEM,107,THR,OG1,0.0999000999000999
SYSTEM,155,LYS,NZ,SYSTEM,152,THR,OG1,0.0999000999000999
SYSTEM,52,CYS,SG,SYSTEM,54,HIS,ND1,1.7982017982017984
SYSTEM,35,ASN,ND2,SYSTEM,110,SER,OG,1.6983016983016983
SYSTEM,70,HIS,ND1,SYSTEM,54,HIS,NE2,0.999000999000999
SYSTEM,48,TYR,OH,SYSTEM,110,SER,OG,8.49150849150849
SYSTEM,35,ASN,ND2,SYSTEM,110,SER,OG,4.195804195804196
SYSTEM,106,ASN,ND2,SYSTEM,81,GLU,OE1,0.3996003996003996
SYSTEM,106,ASN,ND2,SYSTEM,81,GLU,OE2,0.3996003996003996
SYSTEM,55,ARG,NH2,SYSTEM,61,MET,SD,0.0999000999000999
SYSTEM,133,LYS,NZ,SYSTEM,134,GLU,OE1,0.1998001998001998
SYSTEM,115,CYS,SG,SYSTEM,99,SER,OG,0.0999000999000999
SYSTEM,99,SER,OG,SYSTEM,126,HIS,ND1,0.1998001998001998
SYSTEM,126,HIS,ND1,SYSTEM,61,MET,SD,0.0999000999000999
SYSTEM,111,GLN,NE2,SYSTEM,110,SER,OG,0.1998001998001998
SYSTEM,87,ASN,ND2,SYSTEM,85,ASP,OD1,0.1998001998001998
SYSTEM,87,ASN,ND2,SYSTEM,85,ASP,OD2,0.1998001998001998
SYSTEM,63,GLN,NE2,SYSTEM,111,GLN,NE2,1.6983016983016983
SYSTEM,63,GLN,NE2,SYSTEM,111,GLN,OE1,10.789210789210788
SYSTEM,108,ASN,ND2,SYSTEM,107,THR,OG1,0.0999000999000999
SYSTEM,87,ASN,ND2,SYSTEM,84,GLU,OE1,3.096903096903097
SYSTEM,55,ARG,NH1,SYSTEM,63,GLN,OE1,0.0999000999000999
SYSTEM,55,ARG,NH2,SYSTEM,63,GLN,OE1,0.0999000999000999
SYSTEM,87,ASN,ND2,SYSTEM,84,GLU,OE2,3.296703296703297
SYSTEM,110,SER,OG,SYSTEM,77,SER,OG,0.6993006993006993
SYSTEM,154,LYS,NZ,SYSTEM,153,SER,OG,0.1998001998001998
SYSTEM,118,LYS,NZ,SYSTEM,123,ASP,OD2,0.0999000999000999
SYSTEM,32,THR,OG1,SYSTEM,87,ASN,OD1,0.8991008991008992
SYSTEM,151,LYS,NZ,SYSTEM,54,HIS,ND1,0.0999000999000999
SYSTEM,82,LYS,NZ,SYSTEM,106,ASN,OD1,0.0999000999000999
SYSTEM,102,ASN,ND2,SYSTEM,111,GLN,OE1,2.3976023976023977
SYSTEM,133,LYS,NZ,SYSTEM,134,GLU,OE2,0.2997002997002997
SYSTEM,102,ASN,ND2,SYSTEM,111,GLN,NE2,5.194805194805195
SYSTEM,102,ASN,ND2,SYSTEM,110,SER,OG,0.4995004995004995
SYSTEM,91,LYS,NZ,SYSTEM,120,GLU,OE2,0.0999000999000999
SYSTEM,110,SER,OG,SYSTEM,102,ASN,OD1,0.0999000999000999
SYSTEM,87,ASN,ND2,SYSTEM,84,GLU,OE2,0.0999000999000999
SYSTEM,32,THR,OG1,SYSTEM,100,MET,SD,0.3996003996003996
SYSTEM,87,ASN,ND2,SYSTEM,32,THR,OG1,0.2997002997002997
SYSTEM,151,LYS,NZ,SYSTEM,152,THR,OG1,0.0999000999000999
SYSTEM,111,GLN,NE2,SYSTEM,102,ASN,OD1,1.1988011988011988
SYSTEM,55,ARG,NE,SYSTEM,71,ASN,OD1,0.1998001998001998
SYSTEM,28,LYS,NZ,SYSTEM,86,GLU,OE2,0.0999000999000999
SYSTEM,76,LYS,NZ,SYSTEM,108,ASN,OD1,0.0999000999000999
SYSTEM,79,TYR,OH,SYSTEM,34,GLU,OE2,0.5994005994005994
SYSTEM,110,SER,OG,SYSTEM,48,TYR,OH,0.4995004995004995
SYSTEM,155,LYS,NZ,SYSTEM,54,HIS,ND1,0.0999000999000999
SYSTEM,52,CYS,SG,SYSTEM,54,HIS,NE2,0.3996003996003996
SYSTEM,44,LYS,NZ,SYSTEM,79,TYR,OH,0.2997002997002997
SYSTEM,155,LYS,NZ,SYSTEM,52,CYS,SG,0.0999000999000999
SYSTEM,151,LYS,NZ,SYSTEM,149,ASN,OD1,0.0999000999000999
SYSTEM,108,ASN,ND2,SYSTEM,77,SER,OG,0.0999000999000999
SYSTEM,144,ARG,NH1,SYSTEM,15,GLU,OE1,0.0999000999000999
SYSTEM,144,ARG,NH1,SYSTEM,15,GLU,OE2,0.0999000999000999
SYSTEM,144,ARG,NH2,SYSTEM,15,GLU,OE1,0.0999000999000999
SYSTEM,144,ARG,NH2,SYSTEM,15,GLU,OE2,0.0999000999000999
SYSTEM,73,THR,OG1,SYSTEM,66,ASP,OD2,0.0999000999000999
SYSTEM,151,LYS,NZ,SYSTEM,149,ASN,OD1,0.0999000999000999
SYSTEM,108,ASN,ND2,SYSTEM,81,GLU,OE2,0.0999000999000999
SYSTEM,44,LYS,NZ,SYSTEM,79,TYR,OH,0.1998001998001998
SYSTEM,108,ASN,ND2,SYSTEM,81,GLU,OE1,0.0999000999000999
SYSTEM,111,GLN,NE2,SYSTEM,66,ASP,OD2,0.0999000999000999
SYSTEM,106,ASN,ND2,SYSTEM,81,GLU,OE1,0.0999000999000999
