SYSTEM,33,ALA,sidechain,SYSTEM,26,ALA,sidechain,81.21878121878122
SYSTEM,159,ALA,sidechain,SYSTEM,11,ALA,sidechain,93.10689310689311
SYSTEM,9,ASP,sidechain,SYSTEM,159,ALA,sidechain,0.999000999000999
SYSTEM,27,ASP,sidechain,SYSTEM,26,ALA,sidechain,1.7982017982017984
SYSTEM,160,ASP,sidechain,SYSTEM,159,ALA,sidechain,3.296703296703297
SYSTEM,160,ASP,sidechain,SYSTEM,9,ASP,sidechain,11.888111888111888
SYSTEM,34,GLU,sidechain,SYSTEM,38,ALA,sidechain,28.97102897102897
SYSTEM,43,GLU,sidechain,SYSTEM,38,ALA,sidechain,90.9090909090909
SYSTEM,84,GLU,sidechain,SYSTEM,85,ASP,sidechain,3.996003996003996
SYSTEM,86,GLU,sidechain,SYSTEM,85,ASP,sidechain,0.2997002997002997
SYSTEM,86,GLU,sidechain,SYSTEM,84,GLU,sidechain,25.874125874125873
SYSTEM,140,GLU,sidechain,SYSTEM,141,ALA,sidechain,0.1998001998001998
SYSTEM,143,GLU,sidechain,SYSTEM,62,CYS,sidechain,0.6993006993006993
SYSTEM,143,GLU,sidechain,SYSTEM,140,GLU,sidechain,2.2977022977022976
SYSTEM,7,PHE,sidechain,SYSTEM,9,ASP,sidechain,42.05794205794206
SYSTEM,7,PHE,sidechain,SYSTEM,160,ASP,sidechain,0.2997002997002997
SYSTEM,8,PHE,sidechain,SYSTEM,161,CYS,sidechain,45.55444555444556
SYSTEM,22,PHE,sidechain,SYSTEM,8,PHE,sidechain,97.1028971028971
SYSTEM,25,PHE,sidechain,SYSTEM,27,ASP,sidechain,0.0999000999000999
SYSTEM,25,PHE,sidechain,SYSTEM,23,GLU,sidechain,36.26373626373626
SYSTEM,36,PHE,sidechain,SYSTEM,8,PHE,sidechain,13.386613386613385
SYSTEM,36,PHE,sidechain,SYSTEM,22,PHE,sidechain,31.668331668331668
SYSTEM,53,PHE,sidechain,SYSTEM,62,CYS,sidechain,6.393606393606394
SYSTEM,60,PHE,sidechain,SYSTEM,117,ALA,sidechain,0.3996003996003996
SYSTEM,67,PHE,sidechain,SYSTEM,46,PHE,sidechain,11.488511488511488
SYSTEM,83,PHE,sidechain,SYSTEM,103,ALA,sidechain,5.394605394605394
SYSTEM,83,PHE,sidechain,SYSTEM,85,ASP,sidechain,0.1998001998001998
SYSTEM,83,PHE,sidechain,SYSTEM,81,GLU,sidechain,6.093906093906094
SYSTEM,83,PHE,sidechain,SYSTEM,84,GLU,sidechain,9.39060939060939
SYSTEM,83,PHE,sidechain,SYSTEM,86,GLU,sidechain,0.3996003996003996
SYSTEM,88,PHE,sidechain,SYSTEM,103,ALA,sidechain,0.0999000999000999
SYSTEM,88,PHE,sidechain,SYSTEM,85,ASP,sidechain,7.292707292707293
SYSTEM,88,PHE,sidechain,SYSTEM,86,GLU,sidechain,0.6993006993006993
SYSTEM,88,PHE,sidechain,SYSTEM,83,PHE,sidechain,1.7982017982017984
SYSTEM,112,PHE,sidechain,SYSTEM,8,PHE,sidechain,7.592407592407592
SYSTEM,112,PHE,sidechain,SYSTEM,36,PHE,sidechain,97.2027972027972
SYSTEM,112,PHE,sidechain,SYSTEM,53,PHE,sidechain,0.7992007992007992
SYSTEM,113,PHE,sidechain,SYSTEM,101,ALA,sidechain,84.11588411588411
SYSTEM,113,PHE,sidechain,SYSTEM,115,CYS,sidechain,44.75524475524475
SYSTEM,113,PHE,sidechain,SYSTEM,60,PHE,sidechain,0.4995004995004995
SYSTEM,129,PHE,sidechain,SYSTEM,33,ALA,sidechain,17.982017982017982
SYSTEM,129,PHE,sidechain,SYSTEM,36,PHE,sidechain,98.8011988011988
SYSTEM,145,PHE,sidechain,SYSTEM,141,ALA,sidechain,1.2987012987012987
SYSTEM,54,HIS,sidechain,SYSTEM,52,CYS,sidechain,24.375624375624376
SYSTEM,54,HIS,sidechain,SYSTEM,66,ASP,sidechain,17.682317682317684
SYSTEM,70,HIS,sidechain,SYSTEM,52,CYS,sidechain,21.078921078921077
SYSTEM,70,HIS,sidechain,SYSTEM,66,ASP,sidechain,14.585414585414586
SYSTEM,70,HIS,sidechain,SYSTEM,54,HIS,sidechain,1.4985014985014986
SYSTEM,92,HIS,sidechain,SYSTEM,115,CYS,sidechain,6.593406593406594
SYSTEM,92,HIS,sidechain,SYSTEM,123,ASP,sidechain,98.6013986013986
SYSTEM,126,HIS,sidechain,SYSTEM,101,ALA,sidechain,5.194805194805195
SYSTEM,126,HIS,sidechain,SYSTEM,103,ALA,sidechain,17.382617382617383
SYSTEM,126,HIS,sidechain,SYSTEM,113,PHE,sidechain,87.41258741258741
SYSTEM,10,ILE,sidechain,SYSTEM,8,PHE,sidechain,0.1998001998001998
SYSTEM,10,ILE,sidechain,SYSTEM,53,PHE,sidechain,3.4965034965034967
SYSTEM,56,ILE,sidechain,SYSTEM,62,CYS,sidechain,99.7002997002997
SYSTEM,56,ILE,sidechain,SYSTEM,53,PHE,sidechain,5.994005994005994
SYSTEM,57,ILE,sidechain,SYSTEM,60,PHE,sidechain,94.00599400599401
SYSTEM,78,ILE,sidechain,SYSTEM,38,ALA,sidechain,78.12187812187813
SYSTEM,78,ILE,sidechain,SYSTEM,34,GLU,sidechain,0.3996003996003996
SYSTEM,78,ILE,sidechain,SYSTEM,46,PHE,sidechain,5.194805194805195
SYSTEM,78,ILE,sidechain,SYSTEM,83,PHE,sidechain,0.4995004995004995
SYSTEM,97,ILE,sidechain,SYSTEM,115,CYS,sidechain,32.967032967032964
SYSTEM,97,ILE,sidechain,SYSTEM,92,HIS,sidechain,40.55944055944056
SYSTEM,114,ILE,sidechain,SYSTEM,62,CYS,sidechain,61.23876123876124
SYSTEM,114,ILE,sidechain,SYSTEM,22,PHE,sidechain,39.460539460539465
SYSTEM,114,ILE,sidechain,SYSTEM,53,PHE,sidechain,0.0999000999000999
SYSTEM,114,ILE,sidechain,SYSTEM,112,PHE,sidechain,9.290709290709291
SYSTEM,138,ILE,sidechain,SYSTEM,141,ALA,sidechain,5.294705294705294
SYSTEM,138,ILE,sidechain,SYSTEM,10,ILE,sidechain,2.797202797202797
SYSTEM,156,ILE,sidechain,SYSTEM,53,PHE,sidechain,80.21978021978022
SYSTEM,156,ILE,sidechain,SYSTEM,145,PHE,sidechain,66.63336663336663
SYSTEM,156,ILE,sidechain,SYSTEM,10,ILE,sidechain,1.7982017982017984
SYSTEM,156,ILE,sidechain,SYSTEM,56,ILE,sidechain,3.896103896103896
SYSTEM,158,ILE,sidechain,SYSTEM,161,CYS,sidechain,23.176823176823177
SYSTEM,158,ILE,sidechain,SYSTEM,8,PHE,sidechain,100.0
SYSTEM,158,ILE,sidechain,SYSTEM,53,PHE,sidechain,23.376623376623375
SYSTEM,158,ILE,sidechain,SYSTEM,10,ILE,sidechain,19.88011988011988
SYSTEM,28,LYS,sidechain,SYSTEM,27,ASP,sidechain,14.785214785214784
SYSTEM,28,LYS,sidechain,SYSTEM,86,GLU,sidechain,0.0999000999000999
SYSTEM,28,LYS,sidechain,SYSTEM,25,PHE,sidechain,51.34865134865135
SYSTEM,28,LYS,sidechain,SYSTEM,89,ILE,sidechain,50.94905094905094
SYSTEM,31,LYS,sidechain,SYSTEM,34,GLU,sidechain,0.1998001998001998
SYSTEM,31,LYS,sidechain,SYSTEM,81,GLU,sidechain,22.27772227772228
SYSTEM,31,LYS,sidechain,SYSTEM,84,GLU,sidechain,21.77822177822178
SYSTEM,31,LYS,sidechain,SYSTEM,86,GLU,sidechain,44.55544455544456
SYSTEM,31,LYS,sidechain,SYSTEM,83,PHE,sidechain,52.14785214785215
SYSTEM,44,LYS,sidechain,SYSTEM,38,ALA,sidechain,58.64135864135864
SYSTEM,44,LYS,sidechain,SYSTEM,34,GLU,sidechain,0.1998001998001998
SYSTEM,44,LYS,sidechain,SYSTEM,43,GLU,sidechain,82.11788211788212
SYSTEM,44,LYS,sidechain,SYSTEM,46,PHE,sidechain,22.677322677322678
SYSTEM,44,LYS,sidechain,SYSTEM,78,ILE,sidechain,97.5024975024975
SYSTEM,49,LYS,sidechain,SYSTEM,161,CYS,sidechain,60.53946053946054
SYSTEM,49,LYS,sidechain,SYSTEM,160,ASP,sidechain,97.8021978021978
SYSTEM,49,LYS,sidechain,SYSTEM,46,PHE,sidechain,3.696303696303696
SYSTEM,76,LYS,sidechain,SYSTEM,81,GLU,sidechain,6.793206793206793
SYSTEM,76,LYS,sidechain,SYSTEM,46,PHE,sidechain,92.10789210789211
SYSTEM,76,LYS,sidechain,SYSTEM,67,PHE,sidechain,15.184815184815184
SYSTEM,76,LYS,sidechain,SYSTEM,78,ILE,sidechain,0.5994005994005994
SYSTEM,82,LYS,sidechain,SYSTEM,103,ALA,sidechain,4.495504495504496
SYSTEM,82,LYS,sidechain,SYSTEM,85,ASP,sidechain,3.696303696303696
SYSTEM,82,LYS,sidechain,SYSTEM,81,GLU,sidechain,21.578421578421576
SYSTEM,82,LYS,sidechain,SYSTEM,84,GLU,sidechain,41.75824175824176
SYSTEM,82,LYS,sidechain,SYSTEM,86,GLU,sidechain,0.3996003996003996
SYSTEM,82,LYS,sidechain,SYSTEM,83,PHE,sidechain,1.2987012987012987
SYSTEM,82,LYS,sidechain,SYSTEM,31,LYS,sidechain,0.0999000999000999
SYSTEM,91,LYS,sidechain,SYSTEM,123,ASP,sidechain,96.90309690309691
SYSTEM,91,LYS,sidechain,SYSTEM,120,GLU,sidechain,0.3996003996003996
SYSTEM,118,LYS,sidechain,SYSTEM,120,GLU,sidechain,96.00399600399601
SYSTEM,118,LYS,sidechain,SYSTEM,91,LYS,sidechain,0.1998001998001998
SYSTEM,125,LYS,sidechain,SYSTEM,103,ALA,sidechain,2.797202797202797
SYSTEM,125,LYS,sidechain,SYSTEM,85,ASP,sidechain,0.0999000999000999
SYSTEM,125,LYS,sidechain,SYSTEM,126,HIS,sidechain,41.45854145854146
SYSTEM,131,LYS,sidechain,SYSTEM,23,GLU,sidechain,59.94005994005994
SYSTEM,131,LYS,sidechain,SYSTEM,25,PHE,sidechain,59.44055944055944
SYSTEM,131,LYS,sidechain,SYSTEM,97,ILE,sidechain,36.96303696303696
SYSTEM,133,LYS,sidechain,SYSTEM,23,GLU,sidechain,99.9000999000999
SYSTEM,133,LYS,sidechain,SYSTEM,134,GLU,sidechain,22.677322677322678
SYSTEM,133,LYS,sidechain,SYSTEM,131,LYS,sidechain,13.386613386613385
SYSTEM,151,LYS,sidechain,SYSTEM,54,HIS,sidechain,1.998001998001998
SYSTEM,154,LYS,sidechain,SYSTEM,13,ASP,sidechain,70.62937062937063
SYSTEM,154,LYS,sidechain,SYSTEM,15,GLU,sidechain,0.0999000999000999
SYSTEM,154,LYS,sidechain,SYSTEM,145,PHE,sidechain,87.11288711288712
SYSTEM,154,LYS,sidechain,SYSTEM,156,ILE,sidechain,0.2997002997002997
SYSTEM,155,LYS,sidechain,SYSTEM,52,CYS,sidechain,52.247752247752246
SYSTEM,155,LYS,sidechain,SYSTEM,13,ASP,sidechain,36.06393606393606
SYSTEM,155,LYS,sidechain,SYSTEM,54,HIS,sidechain,0.1998001998001998
SYSTEM,155,LYS,sidechain,SYSTEM,70,HIS,sidechain,0.1998001998001998
SYSTEM,155,LYS,sidechain,SYSTEM,154,LYS,sidechain,0.1998001998001998
SYSTEM,17,LEU,sidechain,SYSTEM,141,ALA,sidechain,48.451548451548454
SYSTEM,17,LEU,sidechain,SYSTEM,15,GLU,sidechain,0.1998001998001998
SYSTEM,17,LEU,sidechain,SYSTEM,145,PHE,sidechain,4.795204795204795
SYSTEM,17,LEU,sidechain,SYSTEM,10,ILE,sidechain,27.472527472527474
SYSTEM,17,LEU,sidechain,SYSTEM,138,ILE,sidechain,79.52047952047953
SYSTEM,17,LEU,sidechain,SYSTEM,156,ILE,sidechain,0.0999000999000999
SYSTEM,24,LEU,sidechain,SYSTEM,26,ALA,sidechain,1.4985014985014986
SYSTEM,24,LEU,sidechain,SYSTEM,33,ALA,sidechain,83.91608391608392
SYSTEM,24,LEU,sidechain,SYSTEM,22,PHE,sidechain,0.0999000999000999
SYSTEM,24,LEU,sidechain,SYSTEM,36,PHE,sidechain,92.5074925074925
SYSTEM,24,LEU,sidechain,SYSTEM,129,PHE,sidechain,35.064935064935064
SYSTEM,39,LEU,sidechain,SYSTEM,38,ALA,sidechain,0.1998001998001998
SYSTEM,39,LEU,sidechain,SYSTEM,46,PHE,sidechain,24.375624375624376
SYSTEM,39,LEU,sidechain,SYSTEM,67,PHE,sidechain,22.27772227772228
SYSTEM,39,LEU,sidechain,SYSTEM,78,ILE,sidechain,42.157842157842154
SYSTEM,39,LEU,sidechain,SYSTEM,76,LYS,sidechain,0.0999000999000999
SYSTEM,90,LEU,sidechain,SYSTEM,25,PHE,sidechain,86.81318681318682
SYSTEM,90,LEU,sidechain,SYSTEM,89,ILE,sidechain,61.13886113886113
SYSTEM,90,LEU,sidechain,SYSTEM,28,LYS,sidechain,78.52147852147851
SYSTEM,90,LEU,sidechain,SYSTEM,131,LYS,sidechain,0.0999000999000999
SYSTEM,98,LEU,sidechain,SYSTEM,22,PHE,sidechain,100.0
SYSTEM,98,LEU,sidechain,SYSTEM,36,PHE,sidechain,96.90309690309691
SYSTEM,98,LEU,sidechain,SYSTEM,112,PHE,sidechain,37.76223776223776
SYSTEM,98,LEU,sidechain,SYSTEM,129,PHE,sidechain,100.0
SYSTEM,98,LEU,sidechain,SYSTEM,114,ILE,sidechain,64.33566433566433
SYSTEM,122,LEU,sidechain,SYSTEM,60,PHE,sidechain,1.4985014985014986
SYSTEM,122,LEU,sidechain,SYSTEM,113,PHE,sidechain,9.89010989010989
SYSTEM,122,LEU,sidechain,SYSTEM,92,HIS,sidechain,90.5094905094905
SYSTEM,122,LEU,sidechain,SYSTEM,126,HIS,sidechain,99.20079920079921
SYSTEM,122,LEU,sidechain,SYSTEM,125,LYS,sidechain,40.55944055944056
SYSTEM,164,LEU,sidechain,SYSTEM,7,PHE,sidechain,83.71628371628371
SYSTEM,61,MET,sidechain,SYSTEM,115,CYS,sidechain,4.9950049950049955
SYSTEM,61,MET,sidechain,SYSTEM,60,PHE,sidechain,89.81018981018981
SYSTEM,61,MET,sidechain,SYSTEM,113,PHE,sidechain,100.0
SYSTEM,61,MET,sidechain,SYSTEM,57,ILE,sidechain,81.31868131868131
SYSTEM,61,MET,sidechain,SYSTEM,122,LEU,sidechain,0.5994005994005994
SYSTEM,100,MET,sidechain,SYSTEM,101,ALA,sidechain,0.1998001998001998
SYSTEM,100,MET,sidechain,SYSTEM,103,ALA,sidechain,0.999000999000999
SYSTEM,100,MET,sidechain,SYSTEM,36,PHE,sidechain,0.0999000999000999
SYSTEM,100,MET,sidechain,SYSTEM,83,PHE,sidechain,10.18981018981019
SYSTEM,100,MET,sidechain,SYSTEM,129,PHE,sidechain,89.81018981018981
SYSTEM,136,MET,sidechain,SYSTEM,134,GLU,sidechain,0.1998001998001998
SYSTEM,136,MET,sidechain,SYSTEM,140,GLU,sidechain,18.181818181818183
SYSTEM,142,MET,sidechain,SYSTEM,62,CYS,sidechain,93.8061938061938
SYSTEM,142,MET,sidechain,SYSTEM,53,PHE,sidechain,96.40359640359641
SYSTEM,142,MET,sidechain,SYSTEM,10,ILE,sidechain,76.82317682317682
SYSTEM,142,MET,sidechain,SYSTEM,56,ILE,sidechain,19.980019980019982
SYSTEM,142,MET,sidechain,SYSTEM,114,ILE,sidechain,8.991008991008991
SYSTEM,142,MET,sidechain,SYSTEM,156,ILE,sidechain,80.31968031968032
SYSTEM,142,MET,sidechain,SYSTEM,17,LEU,sidechain,0.2997002997002997
SYSTEM,3,ASN,sidechain,SYSTEM,26,ALA,sidechain,3.296703296703297
SYSTEM,3,ASN,sidechain,SYSTEM,27,ASP,sidechain,6.393606393606394
SYSTEM,3,ASN,sidechain,SYSTEM,23,GLU,sidechain,92.4075924075924
SYSTEM,3,ASN,sidechain,SYSTEM,25,PHE,sidechain,46.053946053946056
SYSTEM,35,ASN,sidechain,SYSTEM,83,PHE,sidechain,47.65234765234766
SYSTEM,35,ASN,sidechain,SYSTEM,78,ILE,sidechain,97.1028971028971
SYSTEM,35,ASN,sidechain,SYSTEM,39,LEU,sidechain,66.43356643356644
SYSTEM,35,ASN,sidechain,SYSTEM,100,MET,sidechain,1.3986013986013985
SYSTEM,71,ASN,sidechain,SYSTEM,66,ASP,sidechain,0.999000999000999
SYSTEM,71,ASN,sidechain,SYSTEM,54,HIS,sidechain,0.2997002997002997
SYSTEM,71,ASN,sidechain,SYSTEM,70,HIS,sidechain,0.0999000999000999
SYSTEM,71,ASN,sidechain,SYSTEM,151,LYS,sidechain,1.6983016983016983
SYSTEM,87,ASN,sidechain,SYSTEM,85,ASP,sidechain,0.2997002997002997
SYSTEM,87,ASN,sidechain,SYSTEM,84,GLU,sidechain,10.08991008991009
SYSTEM,87,ASN,sidechain,SYSTEM,86,GLU,sidechain,53.14685314685315
SYSTEM,87,ASN,sidechain,SYSTEM,83,PHE,sidechain,11.188811188811188
SYSTEM,87,ASN,sidechain,SYSTEM,88,PHE,sidechain,0.6993006993006993
SYSTEM,87,ASN,sidechain,SYSTEM,89,ILE,sidechain,22.877122877122876
SYSTEM,87,ASN,sidechain,SYSTEM,28,LYS,sidechain,0.1998001998001998
SYSTEM,87,ASN,sidechain,SYSTEM,31,LYS,sidechain,3.996003996003996
SYSTEM,87,ASN,sidechain,SYSTEM,90,LEU,sidechain,0.7992007992007992
SYSTEM,102,ASN,sidechain,SYSTEM,101,ALA,sidechain,5.794205794205794
SYSTEM,102,ASN,sidechain,SYSTEM,85,ASP,sidechain,5.994005994005994
SYSTEM,102,ASN,sidechain,SYSTEM,84,GLU,sidechain,0.0999000999000999
SYSTEM,102,ASN,sidechain,SYSTEM,83,PHE,sidechain,0.0999000999000999
SYSTEM,102,ASN,sidechain,SYSTEM,88,PHE,sidechain,0.0999000999000999
SYSTEM,102,ASN,sidechain,SYSTEM,126,HIS,sidechain,60.63936063936064
SYSTEM,102,ASN,sidechain,SYSTEM,125,LYS,sidechain,7.992007992007992
SYSTEM,102,ASN,sidechain,SYSTEM,100,MET,sidechain,9.290709290709291
SYSTEM,106,ASN,sidechain,SYSTEM,85,ASP,sidechain,7.292707292707293
SYSTEM,106,ASN,sidechain,SYSTEM,81,GLU,sidechain,0.5994005994005994
SYSTEM,106,ASN,sidechain,SYSTEM,84,GLU,sidechain,4.895104895104895
SYSTEM,106,ASN,sidechain,SYSTEM,82,LYS,sidechain,7.892107892107893
SYSTEM,106,ASN,sidechain,SYSTEM,125,LYS,sidechain,0.0999000999000999
SYSTEM,106,ASN,sidechain,SYSTEM,102,ASN,sidechain,0.0999000999000999
SYSTEM,108,ASN,sidechain,SYSTEM,103,ALA,sidechain,0.0999000999000999
SYSTEM,108,ASN,sidechain,SYSTEM,85,ASP,sidechain,36.163836163836166
SYSTEM,108,ASN,sidechain,SYSTEM,81,GLU,sidechain,0.0999000999000999
SYSTEM,108,ASN,sidechain,SYSTEM,83,PHE,sidechain,41.75824175824176
SYSTEM,108,ASN,sidechain,SYSTEM,76,LYS,sidechain,0.7992007992007992
SYSTEM,108,ASN,sidechain,SYSTEM,82,LYS,sidechain,20.37962037962038
SYSTEM,108,ASN,sidechain,SYSTEM,100,MET,sidechain,37.362637362637365
SYSTEM,108,ASN,sidechain,SYSTEM,102,ASN,sidechain,31.668331668331668
SYSTEM,137,ASN,sidechain,SYSTEM,140,GLU,sidechain,25.274725274725274
SYSTEM,137,ASN,sidechain,SYSTEM,138,ILE,sidechain,49.35064935064935
SYSTEM,137,ASN,sidechain,SYSTEM,136,MET,sidechain,0.0999000999000999
SYSTEM,149,ASN,sidechain,SYSTEM,151,LYS,sidechain,26.173826173826175
SYSTEM,4,PRO,sidechain,SYSTEM,26,ALA,sidechain,63.93606393606394
SYSTEM,4,PRO,sidechain,SYSTEM,24,LEU,sidechain,71.72827172827174
SYSTEM,4,PRO,sidechain,SYSTEM,3,ASN,sidechain,0.0999000999000999
SYSTEM,16,PRO,sidechain,SYSTEM,11,ALA,sidechain,12.787212787212788
SYSTEM,16,PRO,sidechain,SYSTEM,15,GLU,sidechain,9.990009990009991
SYSTEM,30,PRO,sidechain,SYSTEM,86,GLU,sidechain,26.073926073926074
SYSTEM,30,PRO,sidechain,SYSTEM,31,LYS,sidechain,64.73526473526474
SYSTEM,30,PRO,sidechain,SYSTEM,87,ASN,sidechain,2.2977022977022976
SYSTEM,58,PRO,sidechain,SYSTEM,143,GLU,sidechain,86.3136863136863
SYSTEM,58,PRO,sidechain,SYSTEM,57,ILE,sidechain,0.2997002997002997
SYSTEM,95,PRO,sidechain,SYSTEM,118,LYS,sidechain,0.3996003996003996
SYSTEM,95,PRO,sidechain,SYSTEM,136,MET,sidechain,1.6983016983016983
SYSTEM,105,PRO,sidechain,SYSTEM,85,ASP,sidechain,0.2997002997002997
SYSTEM,105,PRO,sidechain,SYSTEM,84,GLU,sidechain,0.0999000999000999
SYSTEM,105,PRO,sidechain,SYSTEM,83,PHE,sidechain,0.1998001998001998
SYSTEM,105,PRO,sidechain,SYSTEM,88,PHE,sidechain,0.0999000999000999
SYSTEM,105,PRO,sidechain,SYSTEM,82,LYS,sidechain,4.195804195804196
SYSTEM,105,PRO,sidechain,SYSTEM,106,ASN,sidechain,7.992007992007992
SYSTEM,63,GLN,sidechain,SYSTEM,101,ALA,sidechain,52.34765234765235
SYSTEM,63,GLN,sidechain,SYSTEM,113,PHE,sidechain,82.71728271728271
SYSTEM,63,GLN,sidechain,SYSTEM,54,HIS,sidechain,59.74025974025974
SYSTEM,63,GLN,sidechain,SYSTEM,57,ILE,sidechain,1.1988011988011988
SYSTEM,63,GLN,sidechain,SYSTEM,61,MET,sidechain,87.21278721278722
SYSTEM,111,GLN,sidechain,SYSTEM,101,ALA,sidechain,12.287712287712289
SYSTEM,111,GLN,sidechain,SYSTEM,103,ALA,sidechain,43.05694305694306
SYSTEM,111,GLN,sidechain,SYSTEM,66,ASP,sidechain,63.13686313686314
SYSTEM,111,GLN,sidechain,SYSTEM,113,PHE,sidechain,0.2997002997002997
SYSTEM,111,GLN,sidechain,SYSTEM,54,HIS,sidechain,3.996003996003996
SYSTEM,111,GLN,sidechain,SYSTEM,102,ASN,sidechain,20.27972027972028
SYSTEM,111,GLN,sidechain,SYSTEM,63,GLN,sidechain,38.56143856143856
SYSTEM,163,GLN,sidechain,SYSTEM,4,PRO,sidechain,4.295704295704296
SYSTEM,19,ARG,sidechain,SYSTEM,9,ASP,sidechain,99.9000999000999
SYSTEM,19,ARG,sidechain,SYSTEM,160,ASP,sidechain,0.0999000999000999
SYSTEM,19,ARG,sidechain,SYSTEM,134,GLU,sidechain,0.1998001998001998
SYSTEM,19,ARG,sidechain,SYSTEM,7,PHE,sidechain,100.0
SYSTEM,19,ARG,sidechain,SYSTEM,164,LEU,sidechain,7.1928071928071935
SYSTEM,37,ARG,sidechain,SYSTEM,38,ALA,sidechain,99.9000999000999
SYSTEM,37,ARG,sidechain,SYSTEM,34,GLU,sidechain,99.9000999000999
SYSTEM,37,ARG,sidechain,SYSTEM,43,GLU,sidechain,98.9010989010989
SYSTEM,37,ARG,sidechain,SYSTEM,4,PRO,sidechain,9.19080919080919
SYSTEM,37,ARG,sidechain,SYSTEM,163,GLN,sidechain,98.30169830169831
SYSTEM,55,ARG,sidechain,SYSTEM,113,PHE,sidechain,0.1998001998001998
SYSTEM,55,ARG,sidechain,SYSTEM,54,HIS,sidechain,19.480519480519483
SYSTEM,55,ARG,sidechain,SYSTEM,57,ILE,sidechain,75.02497502497502
SYSTEM,55,ARG,sidechain,SYSTEM,151,LYS,sidechain,5.394605394605394
SYSTEM,55,ARG,sidechain,SYSTEM,61,MET,sidechain,43.85614385614386
SYSTEM,55,ARG,sidechain,SYSTEM,71,ASN,sidechain,0.3996003996003996
SYSTEM,55,ARG,sidechain,SYSTEM,149,ASN,sidechain,0.3996003996003996
SYSTEM,55,ARG,sidechain,SYSTEM,63,GLN,sidechain,85.11488511488511
SYSTEM,69,ARG,sidechain,SYSTEM,66,ASP,sidechain,7.992007992007992
SYSTEM,69,ARG,sidechain,SYSTEM,71,ASN,sidechain,28.471528471528472
SYSTEM,144,ARG,sidechain,SYSTEM,141,ALA,sidechain,80.01998001998003
SYSTEM,144,ARG,sidechain,SYSTEM,15,GLU,sidechain,0.0999000999000999
SYSTEM,144,ARG,sidechain,SYSTEM,140,GLU,sidechain,37.06293706293706
SYSTEM,144,ARG,sidechain,SYSTEM,143,GLU,sidechain,8.091908091908092
SYSTEM,144,ARG,sidechain,SYSTEM,145,PHE,sidechain,31.96803196803197
SYSTEM,144,ARG,sidechain,SYSTEM,154,LYS,sidechain,0.0999000999000999
SYSTEM,144,ARG,sidechain,SYSTEM,17,LEU,sidechain,0.1998001998001998
SYSTEM,144,ARG,sidechain,SYSTEM,58,PRO,sidechain,0.1998001998001998
SYSTEM,148,ARG,sidechain,SYSTEM,60,PHE,sidechain,4.195804195804196
SYSTEM,148,ARG,sidechain,SYSTEM,57,ILE,sidechain,17.582417582417584
SYSTEM,148,ARG,sidechain,SYSTEM,149,ASN,sidechain,26.173826173826175
SYSTEM,148,ARG,sidechain,SYSTEM,58,PRO,sidechain,46.553446553446555
SYSTEM,148,ARG,sidechain,SYSTEM,55,ARG,sidechain,0.3996003996003996
SYSTEM,21,SER,sidechain,SYSTEM,134,GLU,sidechain,36.863136863136866
SYSTEM,21,SER,sidechain,SYSTEM,7,PHE,sidechain,4.695304695304695
SYSTEM,21,SER,sidechain,SYSTEM,133,LYS,sidechain,36.36363636363637
SYSTEM,21,SER,sidechain,SYSTEM,164,LEU,sidechain,0.8991008991008992
SYSTEM,21,SER,sidechain,SYSTEM,19,ARG,sidechain,20.67932067932068
SYSTEM,40,SER,sidechain,SYSTEM,161,CYS,sidechain,25.47452547452547
SYSTEM,40,SER,sidechain,SYSTEM,8,PHE,sidechain,15.484515484515486
SYSTEM,40,SER,sidechain,SYSTEM,36,PHE,sidechain,78.92107892107893
SYSTEM,51,SER,sidechain,SYSTEM,67,PHE,sidechain,1.7982017982017984
SYSTEM,51,SER,sidechain,SYSTEM,70,HIS,sidechain,0.4995004995004995
SYSTEM,51,SER,sidechain,SYSTEM,158,ILE,sidechain,62.53746253746254
SYSTEM,77,SER,sidechain,SYSTEM,83,PHE,sidechain,39.06093906093906
SYSTEM,77,SER,sidechain,SYSTEM,78,ILE,sidechain,1.3986013986013985
SYSTEM,77,SER,sidechain,SYSTEM,76,LYS,sidechain,0.1998001998001998
SYSTEM,77,SER,sidechain,SYSTEM,35,ASN,sidechain,81.21878121878122
SYSTEM,77,SER,sidechain,SYSTEM,108,ASN,sidechain,17.182817182817185
SYSTEM,99,SER,sidechain,SYSTEM,115,CYS,sidechain,1.3986013986013985
SYSTEM,99,SER,sidechain,SYSTEM,113,PHE,sidechain,64.83516483516483
SYSTEM,99,SER,sidechain,SYSTEM,92,HIS,sidechain,99.9000999000999
SYSTEM,99,SER,sidechain,SYSTEM,126,HIS,sidechain,2.997002997002997
SYSTEM,99,SER,sidechain,SYSTEM,122,LEU,sidechain,0.0999000999000999
SYSTEM,110,SER,sidechain,SYSTEM,67,PHE,sidechain,60.039960039960036
SYSTEM,110,SER,sidechain,SYSTEM,39,LEU,sidechain,10.589410589410589
SYSTEM,110,SER,sidechain,SYSTEM,35,ASN,sidechain,4.295704295704296
SYSTEM,110,SER,sidechain,SYSTEM,102,ASN,sidechain,0.8991008991008992
SYSTEM,110,SER,sidechain,SYSTEM,108,ASN,sidechain,0.0999000999000999
SYSTEM,110,SER,sidechain,SYSTEM,111,GLN,sidechain,47.65234765234766
SYSTEM,110,SER,sidechain,SYSTEM,77,SER,sidechain,10.289710289710289
SYSTEM,147,SER,sidechain,SYSTEM,151,LYS,sidechain,4.495504495504496
SYSTEM,147,SER,sidechain,SYSTEM,149,ASN,sidechain,40.55944055944056
SYSTEM,147,SER,sidechain,SYSTEM,55,ARG,sidechain,0.3996003996003996
SYSTEM,147,SER,sidechain,SYSTEM,148,ARG,sidechain,2.4975024975024978
SYSTEM,153,SER,sidechain,SYSTEM,145,PHE,sidechain,7.092907092907093
SYSTEM,153,SER,sidechain,SYSTEM,151,LYS,sidechain,7.6923076923076925
SYSTEM,153,SER,sidechain,SYSTEM,154,LYS,sidechain,24.375624375624376
SYSTEM,153,SER,sidechain,SYSTEM,147,SER,sidechain,0.7992007992007992
SYSTEM,5,THR,sidechain,SYSTEM,23,GLU,sidechain,13.386613386613385
SYSTEM,5,THR,sidechain,SYSTEM,7,PHE,sidechain,1.1988011988011988
SYSTEM,5,THR,sidechain,SYSTEM,133,LYS,sidechain,84.31568431568431
SYSTEM,5,THR,sidechain,SYSTEM,164,LEU,sidechain,82.81718281718283
SYSTEM,5,THR,sidechain,SYSTEM,21,SER,sidechain,0.2997002997002997
SYSTEM,32,THR,sidechain,SYSTEM,85,ASP,sidechain,0.1998001998001998
SYSTEM,32,THR,sidechain,SYSTEM,86,GLU,sidechain,37.46253746253746
SYSTEM,32,THR,sidechain,SYSTEM,83,PHE,sidechain,17.982017982017982
SYSTEM,32,THR,sidechain,SYSTEM,129,PHE,sidechain,98.30169830169831
SYSTEM,32,THR,sidechain,SYSTEM,100,MET,sidechain,87.61238761238761
SYSTEM,32,THR,sidechain,SYSTEM,87,ASN,sidechain,1.7982017982017984
SYSTEM,32,THR,sidechain,SYSTEM,108,ASN,sidechain,0.0999000999000999
SYSTEM,41,THR,sidechain,SYSTEM,43,GLU,sidechain,99.3006993006993
SYSTEM,41,THR,sidechain,SYSTEM,163,GLN,sidechain,64.23576423576424
SYSTEM,41,THR,sidechain,SYSTEM,37,ARG,sidechain,99.20079920079921
SYSTEM,41,THR,sidechain,SYSTEM,40,SER,sidechain,0.2997002997002997
SYSTEM,68,THR,sidechain,SYSTEM,66,ASP,sidechain,5.994005994005994
SYSTEM,68,THR,sidechain,SYSTEM,67,PHE,sidechain,95.30469530469531
SYSTEM,68,THR,sidechain,SYSTEM,76,LYS,sidechain,25.074925074925076
SYSTEM,68,THR,sidechain,SYSTEM,69,ARG,sidechain,46.65334665334665
SYSTEM,73,THR,sidechain,SYSTEM,66,ASP,sidechain,0.2997002997002997
SYSTEM,73,THR,sidechain,SYSTEM,71,ASN,sidechain,58.64135864135864
SYSTEM,73,THR,sidechain,SYSTEM,55,ARG,sidechain,0.4995004995004995
SYSTEM,73,THR,sidechain,SYSTEM,69,ARG,sidechain,82.91708291708292
SYSTEM,93,THR,sidechain,SYSTEM,120,GLU,sidechain,0.0999000999000999
SYSTEM,93,THR,sidechain,SYSTEM,97,ILE,sidechain,10.08991008991009
SYSTEM,93,THR,sidechain,SYSTEM,91,LYS,sidechain,12.587412587412588
SYSTEM,93,THR,sidechain,SYSTEM,118,LYS,sidechain,3.296703296703297
SYSTEM,93,THR,sidechain,SYSTEM,131,LYS,sidechain,0.2997002997002997
SYSTEM,107,THR,sidechain,SYSTEM,103,ALA,sidechain,19.58041958041958
SYSTEM,107,THR,sidechain,SYSTEM,83,PHE,sidechain,4.195804195804196
SYSTEM,107,THR,sidechain,SYSTEM,76,LYS,sidechain,0.0999000999000999
SYSTEM,107,THR,sidechain,SYSTEM,82,LYS,sidechain,26.973026973026975
SYSTEM,107,THR,sidechain,SYSTEM,100,MET,sidechain,0.2997002997002997
SYSTEM,107,THR,sidechain,SYSTEM,102,ASN,sidechain,12.887112887112886
SYSTEM,107,THR,sidechain,SYSTEM,108,ASN,sidechain,0.0999000999000999
SYSTEM,107,THR,sidechain,SYSTEM,77,SER,sidechain,1.3986013986013985
SYSTEM,116,THR,sidechain,SYSTEM,117,ALA,sidechain,0.5994005994005994
SYSTEM,116,THR,sidechain,SYSTEM,62,CYS,sidechain,12.887112887112886
SYSTEM,116,THR,sidechain,SYSTEM,140,GLU,sidechain,0.0999000999000999
SYSTEM,116,THR,sidechain,SYSTEM,143,GLU,sidechain,100.0
SYSTEM,119,THR,sidechain,SYSTEM,117,ALA,sidechain,0.2997002997002997
SYSTEM,119,THR,sidechain,SYSTEM,115,CYS,sidechain,95.90409590409591
SYSTEM,119,THR,sidechain,SYSTEM,120,GLU,sidechain,0.1998001998001998
SYSTEM,119,THR,sidechain,SYSTEM,60,PHE,sidechain,21.47852147852148
SYSTEM,119,THR,sidechain,SYSTEM,92,HIS,sidechain,86.61338661338661
SYSTEM,119,THR,sidechain,SYSTEM,122,LEU,sidechain,96.2037962037962
SYSTEM,119,THR,sidechain,SYSTEM,61,MET,sidechain,1.098901098901099
SYSTEM,152,THR,sidechain,SYSTEM,56,ILE,sidechain,69.13086913086913
SYSTEM,152,THR,sidechain,SYSTEM,156,ILE,sidechain,3.196803196803197
SYSTEM,152,THR,sidechain,SYSTEM,151,LYS,sidechain,1.7982017982017984
SYSTEM,152,THR,sidechain,SYSTEM,155,LYS,sidechain,0.6993006993006993
SYSTEM,152,THR,sidechain,SYSTEM,55,ARG,sidechain,1.3986013986013985
SYSTEM,152,THR,sidechain,SYSTEM,147,SER,sidechain,3.296703296703297
SYSTEM,157,THR,sidechain,SYSTEM,11,ALA,sidechain,3.696303696303696
SYSTEM,157,THR,sidechain,SYSTEM,159,ALA,sidechain,0.4995004995004995
SYSTEM,157,THR,sidechain,SYSTEM,52,CYS,sidechain,60.039960039960036
SYSTEM,157,THR,sidechain,SYSTEM,13,ASP,sidechain,0.0999000999000999
SYSTEM,157,THR,sidechain,SYSTEM,155,LYS,sidechain,26.873126873126875
SYSTEM,2,VAL,sidechain,SYSTEM,26,ALA,sidechain,0.3996003996003996
SYSTEM,2,VAL,sidechain,SYSTEM,27,ASP,sidechain,3.3966033966033966
SYSTEM,2,VAL,sidechain,SYSTEM,133,LYS,sidechain,0.0999000999000999
SYSTEM,2,VAL,sidechain,SYSTEM,3,ASN,sidechain,0.4995004995004995
SYSTEM,2,VAL,sidechain,SYSTEM,4,PRO,sidechain,0.4995004995004995
SYSTEM,6,VAL,sidechain,SYSTEM,8,PHE,sidechain,1.1988011988011988
SYSTEM,6,VAL,sidechain,SYSTEM,22,PHE,sidechain,2.5974025974025974
SYSTEM,6,VAL,sidechain,SYSTEM,36,PHE,sidechain,34.765234765234766
SYSTEM,6,VAL,sidechain,SYSTEM,24,LEU,sidechain,89.31068931068931
SYSTEM,6,VAL,sidechain,SYSTEM,163,GLN,sidechain,14.185814185814186
SYSTEM,6,VAL,sidechain,SYSTEM,40,SER,sidechain,89.41058941058941
SYSTEM,12,VAL,sidechain,SYSTEM,13,ASP,sidechain,32.56743256743257
SYSTEM,12,VAL,sidechain,SYSTEM,15,GLU,sidechain,2.3976023976023977
SYSTEM,12,VAL,sidechain,SYSTEM,145,PHE,sidechain,87.11288711288712
SYSTEM,12,VAL,sidechain,SYSTEM,156,ILE,sidechain,86.7132867132867
SYSTEM,12,VAL,sidechain,SYSTEM,154,LYS,sidechain,52.247752247752246
SYSTEM,12,VAL,sidechain,SYSTEM,17,LEU,sidechain,75.22477522477521
SYSTEM,20,VAL,sidechain,SYSTEM,8,PHE,sidechain,0.4995004995004995
SYSTEM,20,VAL,sidechain,SYSTEM,22,PHE,sidechain,94.00599400599401
SYSTEM,20,VAL,sidechain,SYSTEM,10,ILE,sidechain,9.69030969030969
SYSTEM,20,VAL,sidechain,SYSTEM,138,ILE,sidechain,33.76623376623377
SYSTEM,29,VAL,sidechain,SYSTEM,33,ALA,sidechain,0.0999000999000999
SYSTEM,29,VAL,sidechain,SYSTEM,86,GLU,sidechain,39.06093906093906
SYSTEM,29,VAL,sidechain,SYSTEM,129,PHE,sidechain,1.5984015984015985
SYSTEM,29,VAL,sidechain,SYSTEM,89,ILE,sidechain,0.6993006993006993
SYSTEM,29,VAL,sidechain,SYSTEM,28,LYS,sidechain,0.0999000999000999
SYSTEM,29,VAL,sidechain,SYSTEM,90,LEU,sidechain,1.5984015984015985
SYSTEM,29,VAL,sidechain,SYSTEM,87,ASN,sidechain,32.86713286713287
SYSTEM,29,VAL,sidechain,SYSTEM,32,THR,sidechain,46.65334665334665
SYSTEM,127,VAL,sidechain,SYSTEM,103,ALA,sidechain,0.6993006993006993
SYSTEM,127,VAL,sidechain,SYSTEM,85,ASP,sidechain,16.98301698301698
SYSTEM,127,VAL,sidechain,SYSTEM,86,GLU,sidechain,4.295704295704296
SYSTEM,127,VAL,sidechain,SYSTEM,83,PHE,sidechain,13.286713286713287
SYSTEM,127,VAL,sidechain,SYSTEM,88,PHE,sidechain,88.51148851148851
SYSTEM,127,VAL,sidechain,SYSTEM,129,PHE,sidechain,0.0999000999000999
SYSTEM,127,VAL,sidechain,SYSTEM,100,MET,sidechain,6.193806193806194
SYSTEM,127,VAL,sidechain,SYSTEM,87,ASN,sidechain,9.090909090909092
SYSTEM,127,VAL,sidechain,SYSTEM,102,ASN,sidechain,2.797202797202797
SYSTEM,127,VAL,sidechain,SYSTEM,32,THR,sidechain,45.45454545454545
SYSTEM,127,VAL,sidechain,SYSTEM,29,VAL,sidechain,7.392607392607392
SYSTEM,128,VAL,sidechain,SYSTEM,92,HIS,sidechain,99.9000999000999
SYSTEM,128,VAL,sidechain,SYSTEM,97,ILE,sidechain,94.8051948051948
SYSTEM,128,VAL,sidechain,SYSTEM,90,LEU,sidechain,77.12287712287711
SYSTEM,128,VAL,sidechain,SYSTEM,99,SER,sidechain,91.6083916083916
SYSTEM,132,VAL,sidechain,SYSTEM,22,PHE,sidechain,94.60539460539461
SYSTEM,132,VAL,sidechain,SYSTEM,114,ILE,sidechain,1.3986013986013985
SYSTEM,132,VAL,sidechain,SYSTEM,131,LYS,sidechain,1.7982017982017984
SYSTEM,132,VAL,sidechain,SYSTEM,136,MET,sidechain,94.4055944055944
SYSTEM,132,VAL,sidechain,SYSTEM,20,VAL,sidechain,27.672327672327672
SYSTEM,139,VAL,sidechain,SYSTEM,62,CYS,sidechain,0.2997002997002997
SYSTEM,139,VAL,sidechain,SYSTEM,114,ILE,sidechain,79.72027972027972
SYSTEM,139,VAL,sidechain,SYSTEM,136,MET,sidechain,79.22077922077922
SYSTEM,139,VAL,sidechain,SYSTEM,142,MET,sidechain,77.72227772227772
SYSTEM,139,VAL,sidechain,SYSTEM,20,VAL,sidechain,27.77222777222777
SYSTEM,139,VAL,sidechain,SYSTEM,132,VAL,sidechain,19.08091908091908
SYSTEM,121,TRP,sidechain,SYSTEM,120,GLU,sidechain,34.765234765234766
SYSTEM,121,TRP,sidechain,SYSTEM,60,PHE,sidechain,67.13286713286713
SYSTEM,121,TRP,sidechain,SYSTEM,125,LYS,sidechain,4.395604395604396
SYSTEM,121,TRP,sidechain,SYSTEM,122,LEU,sidechain,93.9060939060939
SYSTEM,121,TRP,sidechain,SYSTEM,119,THR,sidechain,91.9080919080919
SYSTEM,48,TYR,sidechain,SYSTEM,8,PHE,sidechain,35.064935064935064
SYSTEM,48,TYR,sidechain,SYSTEM,36,PHE,sidechain,100.0
SYSTEM,48,TYR,sidechain,SYSTEM,67,PHE,sidechain,78.22177822177822
SYSTEM,48,TYR,sidechain,SYSTEM,112,PHE,sidechain,100.0
SYSTEM,48,TYR,sidechain,SYSTEM,158,ILE,sidechain,0.3996003996003996
SYSTEM,48,TYR,sidechain,SYSTEM,39,LEU,sidechain,100.0
SYSTEM,48,TYR,sidechain,SYSTEM,40,SER,sidechain,53.74625374625375
SYSTEM,48,TYR,sidechain,SYSTEM,51,SER,sidechain,2.797202797202797
SYSTEM,48,TYR,sidechain,SYSTEM,110,SER,sidechain,49.95004995004995
SYSTEM,79,TYR,sidechain,SYSTEM,38,ALA,sidechain,1.098901098901099
SYSTEM,79,TYR,sidechain,SYSTEM,34,GLU,sidechain,11.38861138861139
SYSTEM,79,TYR,sidechain,SYSTEM,81,GLU,sidechain,17.08291708291708
SYSTEM,79,TYR,sidechain,SYSTEM,84,GLU,sidechain,3.796203796203796
SYSTEM,79,TYR,sidechain,SYSTEM,83,PHE,sidechain,73.32667332667333
SYSTEM,79,TYR,sidechain,SYSTEM,78,ILE,sidechain,97.8021978021978
SYSTEM,79,TYR,sidechain,SYSTEM,31,LYS,sidechain,81.11888111888112
SYSTEM,79,TYR,sidechain,SYSTEM,44,LYS,sidechain,3.096903096903097
SYSTEM,79,TYR,sidechain,SYSTEM,35,ASN,sidechain,59.04095904095904
SYSTEM,79,TYR,sidechain,SYSTEM,108,ASN,sidechain,5.894105894105895
SYSTEM,79,TYR,sidechain,SYSTEM,77,SER,sidechain,26.873126873126875
