SYSTEM,33,ALA,sidechain,SYSTEM,26,ALA,sidechain,99.000999000999
SYSTEM,159,ALA,sidechain,SYSTEM,11,ALA,sidechain,99.80019980019979
SYSTEM,9,ASP,sidechain,SYSTEM,159,ALA,sidechain,2.697302697302697
SYSTEM,27,ASP,sidechain,SYSTEM,26,ALA,sidechain,9.290709290709291
SYSTEM,160,ASP,sidechain,SYSTEM,159,ALA,sidechain,8.591408591408593
SYSTEM,160,ASP,sidechain,SYSTEM,9,ASP,sidechain,2.3976023976023977
SYSTEM,34,GLU,sidechain,SYSTEM,38,ALA,sidechain,30.369630369630368
SYSTEM,43,GLU,sidechain,SYSTEM,38,ALA,sidechain,91.9080919080919
SYSTEM,84,GLU,sidechain,SYSTEM,85,ASP,sidechain,0.5994005994005994
SYSTEM,86,GLU,sidechain,SYSTEM,85,ASP,sidechain,0.0999000999000999
SYSTEM,86,GLU,sidechain,SYSTEM,84,GLU,sidechain,9.290709290709291
SYSTEM,140,GLU,sidechain,SYSTEM,141,ALA,sidechain,0.0999000999000999
SYSTEM,143,GLU,sidechain,SYSTEM,62,CYS,sidechain,0.1998001998001998
SYSTEM,7,PHE,sidechain,SYSTEM,9,ASP,sidechain,2.5974025974025974
SYSTEM,8,PHE,sidechain,SYSTEM,161,CYS,sidechain,22.977022977022976
SYSTEM,22,PHE,sidechain,SYSTEM,8,PHE,sidechain,2.2977022977022976
SYSTEM,25,PHE,sidechain,SYSTEM,23,GLU,sidechain,1.1988011988011988
SYSTEM,53,PHE,sidechain,SYSTEM,62,CYS,sidechain,1.2987012987012987
SYSTEM,60,PHE,sidechain,SYSTEM,117,ALA,sidechain,0.2997002997002997
SYSTEM,83,PHE,sidechain,SYSTEM,103,ALA,sidechain,4.195804195804196
SYSTEM,83,PHE,sidechain,SYSTEM,81,GLU,sidechain,0.8991008991008992
SYSTEM,83,PHE,sidechain,SYSTEM,84,GLU,sidechain,0.8991008991008992
SYSTEM,88,PHE,sidechain,SYSTEM,85,ASP,sidechain,0.1998001998001998
SYSTEM,113,PHE,sidechain,SYSTEM,101,ALA,sidechain,64.83516483516483
SYSTEM,113,PHE,sidechain,SYSTEM,115,CYS,sidechain,14.185814185814186
SYSTEM,129,PHE,sidechain,SYSTEM,33,ALA,sidechain,5.794205794205794
SYSTEM,129,PHE,sidechain,SYSTEM,36,PHE,sidechain,0.999000999000999
SYSTEM,145,PHE,sidechain,SYSTEM,141,ALA,sidechain,0.5994005994005994
SYSTEM,54,HIS,sidechain,SYSTEM,52,CYS,sidechain,19.58041958041958
SYSTEM,54,HIS,sidechain,SYSTEM,66,ASP,sidechain,0.4995004995004995
SYSTEM,70,HIS,sidechain,SYSTEM,52,CYS,sidechain,16.183816183816184
SYSTEM,92,HIS,sidechain,SYSTEM,115,CYS,sidechain,1.3986013986013985
SYSTEM,92,HIS,sidechain,SYSTEM,123,ASP,sidechain,92.6073926073926
SYSTEM,126,HIS,sidechain,SYSTEM,101,ALA,sidechain,4.9950049950049955
SYSTEM,126,HIS,sidechain,SYSTEM,103,ALA,sidechain,16.783216783216783
SYSTEM,126,HIS,sidechain,SYSTEM,113,PHE,sidechain,3.3966033966033966
SYSTEM,56,ILE,sidechain,SYSTEM,62,CYS,sidechain,99.4005994005994
SYSTEM,57,ILE,sidechain,SYSTEM,60,PHE,sidechain,18.88111888111888
SYSTEM,78,ILE,sidechain,SYSTEM,38,ALA,sidechain,80.41958041958041
SYSTEM,97,ILE,sidechain,SYSTEM,115,CYS,sidechain,24.575424575424577
SYSTEM,97,ILE,sidechain,SYSTEM,92,HIS,sidechain,0.5994005994005994
SYSTEM,114,ILE,sidechain,SYSTEM,62,CYS,sidechain,31.668331668331668
SYSTEM,138,ILE,sidechain,SYSTEM,141,ALA,sidechain,6.693306693306693
SYSTEM,156,ILE,sidechain,SYSTEM,53,PHE,sidechain,2.5974025974025974
SYSTEM,156,ILE,sidechain,SYSTEM,145,PHE,sidechain,20.37962037962038
SYSTEM,158,ILE,sidechain,SYSTEM,161,CYS,sidechain,7.092907092907093
SYSTEM,158,ILE,sidechain,SYSTEM,8,PHE,sidechain,85.3146853146853
SYSTEM,158,ILE,sidechain,SYSTEM,10,ILE,sidechain,0.1998001998001998
SYSTEM,28,LYS,sidechain,SYSTEM,27,ASP,sidechain,9.090909090909092
SYSTEM,28,LYS,sidechain,SYSTEM,86,GLU,sidechain,0.0999000999000999
SYSTEM,28,LYS,sidechain,SYSTEM,25,PHE,sidechain,4.295704295704296
SYSTEM,28,LYS,sidechain,SYSTEM,89,ILE,sidechain,8.991008991008991
SYSTEM,31,LYS,sidechain,SYSTEM,81,GLU,sidechain,9.290709290709291
SYSTEM,31,LYS,sidechain,SYSTEM,84,GLU,sidechain,6.993006993006993
SYSTEM,31,LYS,sidechain,SYSTEM,86,GLU,sidechain,35.66433566433567
SYSTEM,31,LYS,sidechain,SYSTEM,83,PHE,sidechain,21.578421578421576
SYSTEM,44,LYS,sidechain,SYSTEM,38,ALA,sidechain,41.75824175824176
SYSTEM,44,LYS,sidechain,SYSTEM,43,GLU,sidechain,17.582417582417584
SYSTEM,44,LYS,sidechain,SYSTEM,46,PHE,sidechain,0.3996003996003996
SYSTEM,44,LYS,sidechain,SYSTEM,78,ILE,sidechain,56.543456543456536
SYSTEM,49,LYS,sidechain,SYSTEM,161,CYS,sidechain,8.191808191808192
SYSTEM,49,LYS,sidechain,SYSTEM,160,ASP,sidechain,84.71528471528471
SYSTEM,49,LYS,sidechain,SYSTEM,46,PHE,sidechain,0.1998001998001998
SYSTEM,76,LYS,sidechain,SYSTEM,81,GLU,sidechain,1.4985014985014986
SYSTEM,76,LYS,sidechain,SYSTEM,46,PHE,sidechain,74.32567432567433
SYSTEM,82,LYS,sidechain,SYSTEM,103,ALA,sidechain,3.196803196803197
SYSTEM,82,LYS,sidechain,SYSTEM,85,ASP,sidechain,0.1998001998001998
SYSTEM,82,LYS,sidechain,SYSTEM,81,GLU,sidechain,10.589410589410589
SYSTEM,82,LYS,sidechain,SYSTEM,84,GLU,sidechain,24.07592407592408
SYSTEM,91,LYS,sidechain,SYSTEM,123,ASP,sidechain,85.51448551448551
SYSTEM,118,LYS,sidechain,SYSTEM,120,GLU,sidechain,81.31868131868131
SYSTEM,125,LYS,sidechain,SYSTEM,103,ALA,sidechain,1.5984015984015985
SYSTEM,125,LYS,sidechain,SYSTEM,85,ASP,sidechain,0.0999000999000999
SYSTEM,125,LYS,sidechain,SYSTEM,126,HIS,sidechain,18.78121878121878
SYSTEM,131,LYS,sidechain,SYSTEM,23,GLU,sidechain,40.45954045954046
SYSTEM,131,LYS,sidechain,SYSTEM,25,PHE,sidechain,0.2997002997002997
SYSTEM,131,LYS,sidechain,SYSTEM,97,ILE,sidechain,4.395604395604396
SYSTEM,133,LYS,sidechain,SYSTEM,23,GLU,sidechain,90.20979020979021
SYSTEM,133,LYS,sidechain,SYSTEM,134,GLU,sidechain,2.797202797202797
SYSTEM,151,LYS,sidechain,SYSTEM,54,HIS,sidechain,0.0999000999000999
SYSTEM,154,LYS,sidechain,SYSTEM,13,ASP,sidechain,56.64335664335665
SYSTEM,154,LYS,sidechain,SYSTEM,145,PHE,sidechain,22.27772227772228
SYSTEM,155,LYS,sidechain,SYSTEM,52,CYS,sidechain,35.86413586413587
SYSTEM,155,LYS,sidechain,SYSTEM,13,ASP,sidechain,26.273726273726272
SYSTEM,17,LEU,sidechain,SYSTEM,141,ALA,sidechain,50.849150849150845
SYSTEM,17,LEU,sidechain,SYSTEM,15,GLU,sidechain,0.0999000999000999
SYSTEM,17,LEU,sidechain,SYSTEM,10,ILE,sidechain,0.0999000999000999
SYSTEM,17,LEU,sidechain,SYSTEM,138,ILE,sidechain,16.483516483516482
SYSTEM,24,LEU,sidechain,SYSTEM,26,ALA,sidechain,1.5984015984015985
SYSTEM,24,LEU,sidechain,SYSTEM,33,ALA,sidechain,89.31068931068931
SYSTEM,24,LEU,sidechain,SYSTEM,36,PHE,sidechain,0.7992007992007992
SYSTEM,39,LEU,sidechain,SYSTEM,38,ALA,sidechain,0.8991008991008992
SYSTEM,39,LEU,sidechain,SYSTEM,46,PHE,sidechain,0.0999000999000999
SYSTEM,39,LEU,sidechain,SYSTEM,78,ILE,sidechain,1.5984015984015985
SYSTEM,90,LEU,sidechain,SYSTEM,25,PHE,sidechain,21.978021978021978
SYSTEM,90,LEU,sidechain,SYSTEM,89,ILE,sidechain,3.896103896103896
SYSTEM,90,LEU,sidechain,SYSTEM,28,LYS,sidechain,12.987012987012985
SYSTEM,98,LEU,sidechain,SYSTEM,22,PHE,sidechain,77.62237762237763
SYSTEM,98,LEU,sidechain,SYSTEM,36,PHE,sidechain,7.992007992007992
SYSTEM,98,LEU,sidechain,SYSTEM,129,PHE,sidechain,82.41758241758241
SYSTEM,98,LEU,sidechain,SYSTEM,114,ILE,sidechain,1.4985014985014986
SYSTEM,122,LEU,sidechain,SYSTEM,113,PHE,sidechain,0.3996003996003996
SYSTEM,122,LEU,sidechain,SYSTEM,92,HIS,sidechain,34.66533466533466
SYSTEM,122,LEU,sidechain,SYSTEM,126,HIS,sidechain,69.83016983016984
SYSTEM,122,LEU,sidechain,SYSTEM,125,LYS,sidechain,0.3996003996003996
SYSTEM,164,LEU,sidechain,SYSTEM,7,PHE,sidechain,11.08891108891109
SYSTEM,61,MET,sidechain,SYSTEM,115,CYS,sidechain,2.997002997002997
SYSTEM,61,MET,sidechain,SYSTEM,60,PHE,sidechain,83.71628371628371
SYSTEM,61,MET,sidechain,SYSTEM,113,PHE,sidechain,89.71028971028971
SYSTEM,61,MET,sidechain,SYSTEM,57,ILE,sidechain,14.685314685314685
SYSTEM,100,MET,sidechain,SYSTEM,101,ALA,sidechain,0.1998001998001998
SYSTEM,100,MET,sidechain,SYSTEM,103,ALA,sidechain,0.8991008991008992
SYSTEM,100,MET,sidechain,SYSTEM,83,PHE,sidechain,0.4995004995004995
SYSTEM,100,MET,sidechain,SYSTEM,129,PHE,sidechain,13.486513486513488
SYSTEM,136,MET,sidechain,SYSTEM,140,GLU,sidechain,1.7982017982017984
SYSTEM,142,MET,sidechain,SYSTEM,62,CYS,sidechain,87.71228771228772
SYSTEM,142,MET,sidechain,SYSTEM,53,PHE,sidechain,38.06193806193806
SYSTEM,142,MET,sidechain,SYSTEM,10,ILE,sidechain,27.972027972027973
SYSTEM,142,MET,sidechain,SYSTEM,56,ILE,sidechain,0.8991008991008992
SYSTEM,142,MET,sidechain,SYSTEM,156,ILE,sidechain,26.873126873126875
SYSTEM,3,ASN,sidechain,SYSTEM,26,ALA,sidechain,4.095904095904096
SYSTEM,3,ASN,sidechain,SYSTEM,27,ASP,sidechain,4.895104895104895
SYSTEM,3,ASN,sidechain,SYSTEM,23,GLU,sidechain,80.31968031968032
SYSTEM,3,ASN,sidechain,SYSTEM,25,PHE,sidechain,12.387612387612387
SYSTEM,35,ASN,sidechain,SYSTEM,83,PHE,sidechain,22.677322677322678
SYSTEM,35,ASN,sidechain,SYSTEM,78,ILE,sidechain,79.42057942057941
SYSTEM,35,ASN,sidechain,SYSTEM,39,LEU,sidechain,21.178821178821178
SYSTEM,71,ASN,sidechain,SYSTEM,66,ASP,sidechain,0.0999000999000999
SYSTEM,71,ASN,sidechain,SYSTEM,151,LYS,sidechain,0.1998001998001998
SYSTEM,87,ASN,sidechain,SYSTEM,85,ASP,sidechain,0.1998001998001998
SYSTEM,87,ASN,sidechain,SYSTEM,84,GLU,sidechain,4.795204795204795
SYSTEM,87,ASN,sidechain,SYSTEM,86,GLU,sidechain,23.676323676323676
SYSTEM,87,ASN,sidechain,SYSTEM,83,PHE,sidechain,1.2987012987012987
SYSTEM,87,ASN,sidechain,SYSTEM,89,ILE,sidechain,8.991008991008991
SYSTEM,87,ASN,sidechain,SYSTEM,28,LYS,sidechain,0.0999000999000999
SYSTEM,87,ASN,sidechain,SYSTEM,31,LYS,sidechain,0.1998001998001998
SYSTEM,87,ASN,sidechain,SYSTEM,90,LEU,sidechain,0.4995004995004995
SYSTEM,102,ASN,sidechain,SYSTEM,101,ALA,sidechain,12.087912087912088
SYSTEM,102,ASN,sidechain,SYSTEM,85,ASP,sidechain,3.796203796203796
SYSTEM,102,ASN,sidechain,SYSTEM,83,PHE,sidechain,0.0999000999000999
SYSTEM,102,ASN,sidechain,SYSTEM,126,HIS,sidechain,32.56743256743257
SYSTEM,102,ASN,sidechain,SYSTEM,125,LYS,sidechain,2.697302697302697
SYSTEM,102,ASN,sidechain,SYSTEM,100,MET,sidechain,1.3986013986013985
SYSTEM,106,ASN,sidechain,SYSTEM,85,ASP,sidechain,6.293706293706294
SYSTEM,106,ASN,sidechain,SYSTEM,81,GLU,sidechain,0.3996003996003996
SYSTEM,106,ASN,sidechain,SYSTEM,84,GLU,sidechain,2.897102897102897
SYSTEM,106,ASN,sidechain,SYSTEM,82,LYS,sidechain,2.097902097902098
SYSTEM,108,ASN,sidechain,SYSTEM,103,ALA,sidechain,0.1998001998001998
SYSTEM,108,ASN,sidechain,SYSTEM,85,ASP,sidechain,33.56643356643357
SYSTEM,108,ASN,sidechain,SYSTEM,83,PHE,sidechain,21.37862137862138
SYSTEM,108,ASN,sidechain,SYSTEM,76,LYS,sidechain,0.1998001998001998
SYSTEM,108,ASN,sidechain,SYSTEM,82,LYS,sidechain,10.48951048951049
SYSTEM,108,ASN,sidechain,SYSTEM,100,MET,sidechain,20.17982017982018
SYSTEM,108,ASN,sidechain,SYSTEM,102,ASN,sidechain,18.38161838161838
SYSTEM,137,ASN,sidechain,SYSTEM,140,GLU,sidechain,11.08891108891109
SYSTEM,137,ASN,sidechain,SYSTEM,138,ILE,sidechain,28.671328671328673
SYSTEM,149,ASN,sidechain,SYSTEM,151,LYS,sidechain,12.187812187812188
SYSTEM,4,PRO,sidechain,SYSTEM,26,ALA,sidechain,87.41258741258741
SYSTEM,4,PRO,sidechain,SYSTEM,24,LEU,sidechain,33.666333666333664
SYSTEM,4,PRO,sidechain,SYSTEM,3,ASN,sidechain,0.0999000999000999
SYSTEM,16,PRO,sidechain,SYSTEM,11,ALA,sidechain,30.069930069930066
SYSTEM,16,PRO,sidechain,SYSTEM,159,ALA,sidechain,0.1998001998001998
SYSTEM,16,PRO,sidechain,SYSTEM,15,GLU,sidechain,4.195804195804196
SYSTEM,30,PRO,sidechain,SYSTEM,86,GLU,sidechain,6.893106893106893
SYSTEM,30,PRO,sidechain,SYSTEM,31,LYS,sidechain,4.295704295704296
SYSTEM,30,PRO,sidechain,SYSTEM,87,ASN,sidechain,0.7992007992007992
SYSTEM,58,PRO,sidechain,SYSTEM,143,GLU,sidechain,44.85514485514486
SYSTEM,95,PRO,sidechain,SYSTEM,117,ALA,sidechain,0.5994005994005994
SYSTEM,95,PRO,sidechain,SYSTEM,118,LYS,sidechain,0.0999000999000999
SYSTEM,95,PRO,sidechain,SYSTEM,136,MET,sidechain,0.3996003996003996
SYSTEM,105,PRO,sidechain,SYSTEM,85,ASP,sidechain,0.1998001998001998
SYSTEM,105,PRO,sidechain,SYSTEM,82,LYS,sidechain,1.098901098901099
SYSTEM,105,PRO,sidechain,SYSTEM,106,ASN,sidechain,5.194805194805195
SYSTEM,63,GLN,sidechain,SYSTEM,101,ALA,sidechain,49.85014985014985
SYSTEM,63,GLN,sidechain,SYSTEM,113,PHE,sidechain,12.287712287712289
SYSTEM,63,GLN,sidechain,SYSTEM,54,HIS,sidechain,30.16983016983017
SYSTEM,63,GLN,sidechain,SYSTEM,57,ILE,sidechain,0.0999000999000999
SYSTEM,63,GLN,sidechain,SYSTEM,61,MET,sidechain,38.16183816183816
SYSTEM,111,GLN,sidechain,SYSTEM,101,ALA,sidechain,11.488511488511488
SYSTEM,111,GLN,sidechain,SYSTEM,103,ALA,sidechain,42.557442557442556
SYSTEM,111,GLN,sidechain,SYSTEM,66,ASP,sidechain,14.885114885114886
SYSTEM,111,GLN,sidechain,SYSTEM,102,ASN,sidechain,10.789210789210788
SYSTEM,111,GLN,sidechain,SYSTEM,63,GLN,sidechain,14.285714285714285
SYSTEM,163,GLN,sidechain,SYSTEM,4,PRO,sidechain,0.5994005994005994
SYSTEM,19,ARG,sidechain,SYSTEM,9,ASP,sidechain,99.5004995004995
SYSTEM,19,ARG,sidechain,SYSTEM,7,PHE,sidechain,96.6033966033966
SYSTEM,37,ARG,sidechain,SYSTEM,38,ALA,sidechain,95.90409590409591
SYSTEM,37,ARG,sidechain,SYSTEM,34,GLU,sidechain,98.001998001998
SYSTEM,37,ARG,sidechain,SYSTEM,43,GLU,sidechain,0.0999000999000999
SYSTEM,37,ARG,sidechain,SYSTEM,4,PRO,sidechain,0.0999000999000999
SYSTEM,37,ARG,sidechain,SYSTEM,163,GLN,sidechain,65.53446553446554
SYSTEM,55,ARG,sidechain,SYSTEM,54,HIS,sidechain,1.098901098901099
SYSTEM,55,ARG,sidechain,SYSTEM,57,ILE,sidechain,14.185814185814186
SYSTEM,55,ARG,sidechain,SYSTEM,151,LYS,sidechain,0.5994005994005994
SYSTEM,55,ARG,sidechain,SYSTEM,61,MET,sidechain,0.999000999000999
SYSTEM,55,ARG,sidechain,SYSTEM,63,GLN,sidechain,46.85314685314685
SYSTEM,69,ARG,sidechain,SYSTEM,71,ASN,sidechain,6.293706293706294
SYSTEM,144,ARG,sidechain,SYSTEM,141,ALA,sidechain,60.039960039960036
SYSTEM,144,ARG,sidechain,SYSTEM,140,GLU,sidechain,2.3976023976023977
SYSTEM,144,ARG,sidechain,SYSTEM,143,GLU,sidechain,0.8991008991008992
SYSTEM,144,ARG,sidechain,SYSTEM,145,PHE,sidechain,5.594405594405594
SYSTEM,148,ARG,sidechain,SYSTEM,57,ILE,sidechain,2.797202797202797
SYSTEM,148,ARG,sidechain,SYSTEM,149,ASN,sidechain,7.292707292707293
SYSTEM,148,ARG,sidechain,SYSTEM,58,PRO,sidechain,21.178821178821178
SYSTEM,21,SER,sidechain,SYSTEM,134,GLU,sidechain,25.774225774225773
SYSTEM,21,SER,sidechain,SYSTEM,7,PHE,sidechain,2.3976023976023977
SYSTEM,21,SER,sidechain,SYSTEM,133,LYS,sidechain,16.183816183816184
SYSTEM,21,SER,sidechain,SYSTEM,164,LEU,sidechain,0.4995004995004995
SYSTEM,40,SER,sidechain,SYSTEM,161,CYS,sidechain,69.83016983016984
SYSTEM,40,SER,sidechain,SYSTEM,8,PHE,sidechain,3.4965034965034967
SYSTEM,40,SER,sidechain,SYSTEM,36,PHE,sidechain,42.05794205794206
SYSTEM,51,SER,sidechain,SYSTEM,67,PHE,sidechain,0.2997002997002997
SYSTEM,51,SER,sidechain,SYSTEM,70,HIS,sidechain,0.1998001998001998
SYSTEM,51,SER,sidechain,SYSTEM,158,ILE,sidechain,46.65334665334665
SYSTEM,77,SER,sidechain,SYSTEM,83,PHE,sidechain,29.97002997002997
SYSTEM,77,SER,sidechain,SYSTEM,78,ILE,sidechain,0.3996003996003996
SYSTEM,77,SER,sidechain,SYSTEM,76,LYS,sidechain,0.0999000999000999
SYSTEM,77,SER,sidechain,SYSTEM,35,ASN,sidechain,86.61338661338661
SYSTEM,77,SER,sidechain,SYSTEM,108,ASN,sidechain,19.980019980019982
SYSTEM,99,SER,sidechain,SYSTEM,115,CYS,sidechain,12.187812187812188
SYSTEM,99,SER,sidechain,SYSTEM,113,PHE,sidechain,57.04295704295704
SYSTEM,99,SER,sidechain,SYSTEM,92,HIS,sidechain,98.4015984015984
SYSTEM,99,SER,sidechain,SYSTEM,126,HIS,sidechain,0.5994005994005994
SYSTEM,99,SER,sidechain,SYSTEM,122,LEU,sidechain,0.0999000999000999
SYSTEM,110,SER,sidechain,SYSTEM,67,PHE,sidechain,28.171828171828174
SYSTEM,110,SER,sidechain,SYSTEM,39,LEU,sidechain,5.794205794205794
SYSTEM,110,SER,sidechain,SYSTEM,35,ASN,sidechain,4.495504495504496
SYSTEM,110,SER,sidechain,SYSTEM,102,ASN,sidechain,0.999000999000999
SYSTEM,110,SER,sidechain,SYSTEM,108,ASN,sidechain,0.0999000999000999
SYSTEM,110,SER,sidechain,SYSTEM,111,GLN,sidechain,34.16583416583416
SYSTEM,110,SER,sidechain,SYSTEM,77,SER,sidechain,21.878121878121878
SYSTEM,147,SER,sidechain,SYSTEM,151,LYS,sidechain,0.7992007992007992
SYSTEM,147,SER,sidechain,SYSTEM,149,ASN,sidechain,43.55644355644356
SYSTEM,147,SER,sidechain,SYSTEM,55,ARG,sidechain,0.0999000999000999
SYSTEM,153,SER,sidechain,SYSTEM,145,PHE,sidechain,0.5994005994005994
SYSTEM,153,SER,sidechain,SYSTEM,151,LYS,sidechain,4.795204795204795
SYSTEM,153,SER,sidechain,SYSTEM,154,LYS,sidechain,11.488511488511488
SYSTEM,153,SER,sidechain,SYSTEM,147,SER,sidechain,2.197802197802198
SYSTEM,5,THR,sidechain,SYSTEM,23,GLU,sidechain,2.197802197802198
SYSTEM,5,THR,sidechain,SYSTEM,7,PHE,sidechain,0.0999000999000999
SYSTEM,5,THR,sidechain,SYSTEM,133,LYS,sidechain,52.547452547452544
SYSTEM,5,THR,sidechain,SYSTEM,164,LEU,sidechain,44.75524475524475
SYSTEM,5,THR,sidechain,SYSTEM,21,SER,sidechain,1.6983016983016983
SYSTEM,32,THR,sidechain,SYSTEM,85,ASP,sidechain,0.1998001998001998
SYSTEM,32,THR,sidechain,SYSTEM,86,GLU,sidechain,36.163836163836166
SYSTEM,32,THR,sidechain,SYSTEM,83,PHE,sidechain,3.796203796203796
SYSTEM,32,THR,sidechain,SYSTEM,129,PHE,sidechain,71.62837162837162
SYSTEM,32,THR,sidechain,SYSTEM,100,MET,sidechain,58.84115884115884
SYSTEM,32,THR,sidechain,SYSTEM,87,ASN,sidechain,0.5994005994005994
SYSTEM,41,THR,sidechain,SYSTEM,43,GLU,sidechain,97.1028971028971
SYSTEM,41,THR,sidechain,SYSTEM,163,GLN,sidechain,16.483516483516482
SYSTEM,41,THR,sidechain,SYSTEM,37,ARG,sidechain,25.674325674325676
SYSTEM,41,THR,sidechain,SYSTEM,40,SER,sidechain,0.4995004995004995
SYSTEM,68,THR,sidechain,SYSTEM,66,ASP,sidechain,1.6983016983016983
SYSTEM,68,THR,sidechain,SYSTEM,67,PHE,sidechain,27.872127872127873
SYSTEM,68,THR,sidechain,SYSTEM,76,LYS,sidechain,2.697302697302697
SYSTEM,68,THR,sidechain,SYSTEM,69,ARG,sidechain,3.696303696303696
SYSTEM,73,THR,sidechain,SYSTEM,103,ALA,sidechain,0.1998001998001998
SYSTEM,73,THR,sidechain,SYSTEM,71,ASN,sidechain,46.45354645354645
SYSTEM,73,THR,sidechain,SYSTEM,69,ARG,sidechain,41.858141858141856
SYSTEM,93,THR,sidechain,SYSTEM,97,ILE,sidechain,1.098901098901099
SYSTEM,93,THR,sidechain,SYSTEM,91,LYS,sidechain,1.2987012987012987
SYSTEM,93,THR,sidechain,SYSTEM,118,LYS,sidechain,0.0999000999000999
SYSTEM,107,THR,sidechain,SYSTEM,103,ALA,sidechain,37.862137862137864
SYSTEM,107,THR,sidechain,SYSTEM,83,PHE,sidechain,1.5984015984015985
SYSTEM,107,THR,sidechain,SYSTEM,82,LYS,sidechain,13.386613386613385
SYSTEM,107,THR,sidechain,SYSTEM,102,ASN,sidechain,12.187812187812188
SYSTEM,107,THR,sidechain,SYSTEM,77,SER,sidechain,2.797202797202797
SYSTEM,116,THR,sidechain,SYSTEM,117,ALA,sidechain,5.394605394605394
SYSTEM,116,THR,sidechain,SYSTEM,62,CYS,sidechain,28.371628371628372
SYSTEM,116,THR,sidechain,SYSTEM,143,GLU,sidechain,100.0
SYSTEM,119,THR,sidechain,SYSTEM,117,ALA,sidechain,3.4965034965034967
SYSTEM,119,THR,sidechain,SYSTEM,115,CYS,sidechain,97.002997002997
SYSTEM,119,THR,sidechain,SYSTEM,60,PHE,sidechain,3.296703296703297
SYSTEM,119,THR,sidechain,SYSTEM,92,HIS,sidechain,58.341658341658345
SYSTEM,119,THR,sidechain,SYSTEM,122,LEU,sidechain,85.51448551448551
SYSTEM,119,THR,sidechain,SYSTEM,61,MET,sidechain,0.1998001998001998
SYSTEM,152,THR,sidechain,SYSTEM,52,CYS,sidechain,0.0999000999000999
SYSTEM,152,THR,sidechain,SYSTEM,56,ILE,sidechain,45.55444555444556
SYSTEM,152,THR,sidechain,SYSTEM,156,ILE,sidechain,0.6993006993006993
SYSTEM,152,THR,sidechain,SYSTEM,155,LYS,sidechain,0.4995004995004995
SYSTEM,152,THR,sidechain,SYSTEM,55,ARG,sidechain,0.3996003996003996
SYSTEM,152,THR,sidechain,SYSTEM,147,SER,sidechain,4.695304695304695
SYSTEM,157,THR,sidechain,SYSTEM,11,ALA,sidechain,16.883116883116884
SYSTEM,157,THR,sidechain,SYSTEM,159,ALA,sidechain,2.697302697302697
SYSTEM,157,THR,sidechain,SYSTEM,52,CYS,sidechain,64.43556443556444
SYSTEM,157,THR,sidechain,SYSTEM,13,ASP,sidechain,0.0999000999000999
SYSTEM,157,THR,sidechain,SYSTEM,155,LYS,sidechain,9.490509490509492
SYSTEM,2,VAL,sidechain,SYSTEM,26,ALA,sidechain,1.5984015984015985
SYSTEM,2,VAL,sidechain,SYSTEM,27,ASP,sidechain,2.997002997002997
SYSTEM,2,VAL,sidechain,SYSTEM,3,ASN,sidechain,0.3996003996003996
SYSTEM,2,VAL,sidechain,SYSTEM,4,PRO,sidechain,0.3996003996003996
SYSTEM,6,VAL,sidechain,SYSTEM,36,PHE,sidechain,0.5994005994005994
SYSTEM,6,VAL,sidechain,SYSTEM,24,LEU,sidechain,48.15184815184816
SYSTEM,6,VAL,sidechain,SYSTEM,163,GLN,sidechain,0.6993006993006993
SYSTEM,6,VAL,sidechain,SYSTEM,40,SER,sidechain,93.5064935064935
SYSTEM,12,VAL,sidechain,SYSTEM,13,ASP,sidechain,21.878121878121878
SYSTEM,12,VAL,sidechain,SYSTEM,15,GLU,sidechain,0.0999000999000999
SYSTEM,12,VAL,sidechain,SYSTEM,145,PHE,sidechain,46.85314685314685
SYSTEM,12,VAL,sidechain,SYSTEM,156,ILE,sidechain,58.84115884115884
SYSTEM,12,VAL,sidechain,SYSTEM,154,LYS,sidechain,7.992007992007992
SYSTEM,12,VAL,sidechain,SYSTEM,17,LEU,sidechain,34.565434565434565
SYSTEM,20,VAL,sidechain,SYSTEM,22,PHE,sidechain,18.181818181818183
SYSTEM,20,VAL,sidechain,SYSTEM,10,ILE,sidechain,0.1998001998001998
SYSTEM,20,VAL,sidechain,SYSTEM,138,ILE,sidechain,3.296703296703297
SYSTEM,29,VAL,sidechain,SYSTEM,33,ALA,sidechain,0.6993006993006993
SYSTEM,29,VAL,sidechain,SYSTEM,86,GLU,sidechain,30.66933066933067
SYSTEM,29,VAL,sidechain,SYSTEM,89,ILE,sidechain,0.0999000999000999
SYSTEM,29,VAL,sidechain,SYSTEM,90,LEU,sidechain,0.2997002997002997
SYSTEM,29,VAL,sidechain,SYSTEM,87,ASN,sidechain,23.976023976023978
SYSTEM,29,VAL,sidechain,SYSTEM,32,THR,sidechain,34.96503496503497
SYSTEM,127,VAL,sidechain,SYSTEM,103,ALA,sidechain,1.998001998001998
SYSTEM,127,VAL,sidechain,SYSTEM,85,ASP,sidechain,14.085914085914087
SYSTEM,127,VAL,sidechain,SYSTEM,83,PHE,sidechain,6.693306693306693
SYSTEM,127,VAL,sidechain,SYSTEM,88,PHE,sidechain,25.574425574425575
SYSTEM,127,VAL,sidechain,SYSTEM,100,MET,sidechain,2.897102897102897
SYSTEM,127,VAL,sidechain,SYSTEM,87,ASN,sidechain,3.5964035964035967
SYSTEM,127,VAL,sidechain,SYSTEM,102,ASN,sidechain,2.097902097902098
SYSTEM,127,VAL,sidechain,SYSTEM,32,THR,sidechain,34.565434565434565
SYSTEM,127,VAL,sidechain,SYSTEM,29,VAL,sidechain,2.2977022977022976
SYSTEM,128,VAL,sidechain,SYSTEM,92,HIS,sidechain,91.10889110889111
SYSTEM,128,VAL,sidechain,SYSTEM,97,ILE,sidechain,62.33766233766234
SYSTEM,128,VAL,sidechain,SYSTEM,90,LEU,sidechain,21.178821178821178
SYSTEM,128,VAL,sidechain,SYSTEM,99,SER,sidechain,93.3066933066933
SYSTEM,132,VAL,sidechain,SYSTEM,22,PHE,sidechain,23.376623376623375
SYSTEM,132,VAL,sidechain,SYSTEM,136,MET,sidechain,76.22377622377621
SYSTEM,132,VAL,sidechain,SYSTEM,20,VAL,sidechain,6.593406593406594
SYSTEM,139,VAL,sidechain,SYSTEM,62,CYS,sidechain,1.098901098901099
SYSTEM,139,VAL,sidechain,SYSTEM,114,ILE,sidechain,35.86413586413587
SYSTEM,139,VAL,sidechain,SYSTEM,136,MET,sidechain,64.93506493506493
SYSTEM,139,VAL,sidechain,SYSTEM,142,MET,sidechain,38.16183816183816
SYSTEM,139,VAL,sidechain,SYSTEM,20,VAL,sidechain,8.391608391608392
SYSTEM,139,VAL,sidechain,SYSTEM,132,VAL,sidechain,6.993006993006993
SYSTEM,121,TRP,sidechain,SYSTEM,120,GLU,sidechain,0.2997002997002997
SYSTEM,121,TRP,sidechain,SYSTEM,125,LYS,sidechain,1.1988011988011988
SYSTEM,121,TRP,sidechain,SYSTEM,122,LEU,sidechain,5.394605394605394
SYSTEM,121,TRP,sidechain,SYSTEM,119,THR,sidechain,41.158841158841156
SYSTEM,48,TYR,sidechain,SYSTEM,36,PHE,sidechain,1.998001998001998
SYSTEM,48,TYR,sidechain,SYSTEM,112,PHE,sidechain,2.897102897102897
SYSTEM,48,TYR,sidechain,SYSTEM,39,LEU,sidechain,93.5064935064935
SYSTEM,48,TYR,sidechain,SYSTEM,40,SER,sidechain,3.296703296703297
SYSTEM,48,TYR,sidechain,SYSTEM,110,SER,sidechain,0.6993006993006993
SYSTEM,79,TYR,sidechain,SYSTEM,38,ALA,sidechain,0.0999000999000999
SYSTEM,79,TYR,sidechain,SYSTEM,34,GLU,sidechain,1.7982017982017984
SYSTEM,79,TYR,sidechain,SYSTEM,81,GLU,sidechain,0.2997002997002997
SYSTEM,79,TYR,sidechain,SYSTEM,83,PHE,sidechain,13.586413586413586
SYSTEM,79,TYR,sidechain,SYSTEM,78,ILE,sidechain,54.44555444555444
SYSTEM,79,TYR,sidechain,SYSTEM,31,LYS,sidechain,29.570429570429567
SYSTEM,79,TYR,sidechain,SYSTEM,35,ASN,sidechain,1.898101898101898
SYSTEM,79,TYR,sidechain,SYSTEM,108,ASN,sidechain,0.8991008991008992
SYSTEM,79,TYR,sidechain,SYSTEM,77,SER,sidechain,1.7982017982017984
